county,year,month,temperature,simulated_temperature,mu,sigma,simulation_number,hist_temp_avg
Fresno,2018,1,7.59460827464153,,,,,
Fresno,2018,2,6.370824439919431,,,,,
Fresno,2018,3,7.852293148922911,,,,,
Fresno,2018,4,12.960991493030122,24.32592522799109,8.237858,3.4522183,1.0,11.148379905834364
Fresno,2018,5,16.308109935850325,28.390346927836223,15.875668,2.1135666,1.0,15.634527908564628
Fresno,2018,6,22.03474855826954,31.15773934522303,12.811485,5.0805326,1.0,20.230983178453634
Fresno,2018,7,26.48462096705111,50.725778175883505,22.14976,2.5782847,1.0,23.6462897093963
Fresno,2018,8,24.23737309990707,41.70268743478038,20.051092,4.6971827,1.0,22.925582188670894
Fresno,2018,9,21.128174709620964,30.75747786447625,12.410023,6.343648,1.0,19.992390875716506
Fresno,2018,10,15.343248835219242,26.88951950277233,18.099157,4.394408,1.0,14.656789883888178
Fresno,2018,11,10.212743365371068,25.917964631780713,14.097305,3.3047009,1.0,8.688868188708247
Fresno,2018,12,5.573444510492038,15.218119569153195,5.605468,1.9801707,1.0,4.890050153511372
Fresno,2018,1,7.59460827464153,,,,,
Fresno,2018,2,6.370824439919431,,,,,
Fresno,2018,3,7.852293148922911,,,,,
Fresno,2018,4,12.960991493030122,23.547891656861918,8.237858,3.4522183,2.0,11.148379905834364
Fresno,2018,5,16.308109935850325,32.99564954390634,15.875668,2.1135666,2.0,15.634527908564628
Fresno,2018,6,22.03474855826954,29.553548167854075,12.811485,5.0805326,2.0,20.230983178453634
Fresno,2018,7,26.48462096705111,44.21983730887828,22.14976,2.5782847,2.0,23.6462897093963
Fresno,2018,8,24.23737309990707,45.548807216863395,20.051092,4.6971827,2.0,22.925582188670894
Fresno,2018,9,21.128174709620964,40.92519365400479,12.410023,6.343648,2.0,19.992390875716506
Fresno,2018,10,15.343248835219242,25.30045080004811,18.099157,4.394408,2.0,14.656789883888178
Fresno,2018,11,10.212743365371068,19.87328415056527,14.097305,3.3047009,2.0,8.688868188708247
Fresno,2018,12,5.573444510492038,14.173931310853813,5.605468,1.9801707,2.0,4.890050153511372
Fresno,2018,1,7.59460827464153,,,,,
Fresno,2018,2,6.370824439919431,,,,,
Fresno,2018,3,7.852293148922911,,,,,
Fresno,2018,4,12.960991493030122,20.084546413777193,8.237858,3.4522183,3.0,11.148379905834364
Fresno,2018,5,16.308109935850325,31.82801427678033,15.875668,2.1135666,3.0,15.634527908564628
Fresno,2018,6,22.03474855826954,30.37481560750944,12.811485,5.0805326,3.0,20.230983178453634
Fresno,2018,7,26.48462096705111,47.177749602398166,22.14976,2.5782847,3.0,23.6462897093963
Fresno,2018,8,24.23737309990707,39.78844166565585,20.051092,4.6971827,3.0,22.925582188670894
Fresno,2018,9,21.128174709620964,39.8388230380717,12.410023,6.343648,3.0,19.992390875716506
Fresno,2018,10,15.343248835219242,32.78355961101625,18.099157,4.394408,3.0,14.656789883888178
Fresno,2018,11,10.212743365371068,21.362175154163527,14.097305,3.3047009,3.0,8.688868188708247
Fresno,2018,12,5.573444510492038,14.548618163752238,5.605468,1.9801707,3.0,4.890050153511372
Fresno,2018,1,7.59460827464153,,,,,
Fresno,2018,2,6.370824439919431,,,,,
Fresno,2018,3,7.852293148922911,,,,,
Fresno,2018,4,12.960991493030122,19.891259856144156,8.237858,3.4522183,4.0,11.148379905834364
Fresno,2018,5,16.308109935850325,27.857929315089613,15.875668,2.1135666,4.0,15.634527908564628
Fresno,2018,6,22.03474855826954,42.928472185360384,12.811485,5.0805326,4.0,20.230983178453634
Fresno,2018,7,26.48462096705111,46.597400337697046,22.14976,2.5782847,4.0,23.6462897093963
Fresno,2018,8,24.23737309990707,38.62295338159628,20.051092,4.6971827,4.0,22.925582188670894
Fresno,2018,9,21.128174709620964,25.05278117481312,12.410023,6.343648,4.0,19.992390875716506
Fresno,2018,10,15.343248835219242,29.794690415514914,18.099157,4.394408,4.0,14.656789883888178
Fresno,2018,11,10.212743365371068,20.70727769116482,14.097305,3.3047009,4.0,8.688868188708247
Fresno,2018,12,5.573444510492038,11.475138893582724,5.605468,1.9801707,4.0,4.890050153511372
Fresno,2018,1,7.59460827464153,,,,,
Fresno,2018,2,6.370824439919431,,,,,
Fresno,2018,3,7.852293148922911,,,,,
Fresno,2018,4,12.960991493030122,22.14876420883806,8.237858,3.4522183,5.0,11.148379905834364
Fresno,2018,5,16.308109935850325,31.365485344457156,15.875668,2.1135666,5.0,15.634527908564628
Fresno,2018,6,22.03474855826954,36.84052675197184,12.811485,5.0805326,5.0,20.230983178453634
Fresno,2018,7,26.48462096705111,54.620460170288396,22.14976,2.5782847,5.0,23.6462897093963
Fresno,2018,8,24.23737309990707,39.25447192589988,20.051092,4.6971827,5.0,22.925582188670894
Fresno,2018,9,21.128174709620964,34.653260922828856,12.410023,6.343648,5.0,19.992390875716506
Fresno,2018,10,15.343248835219242,27.12571168561071,18.099157,4.394408,5.0,14.656789883888178
Fresno,2018,11,10.212743365371068,19.55407326628191,14.097305,3.3047009,5.0,8.688868188708247
Fresno,2018,12,5.573444510492038,9.57360142163073,5.605468,1.9801707,5.0,4.890050153511372
Fresno,2018,1,7.59460827464153,,,,,
Fresno,2018,2,6.370824439919431,,,,,
Fresno,2018,3,7.852293148922911,,,,,
Fresno,2018,4,12.960991493030122,18.176668722168795,8.237858,3.4522183,6.0,11.148379905834364
Fresno,2018,5,16.308109935850325,32.415079718996594,15.875668,2.1135666,6.0,15.634527908564628
Fresno,2018,6,22.03474855826954,27.827297571249538,12.811485,5.0805326,6.0,20.230983178453634
Fresno,2018,7,26.48462096705111,46.52380174163325,22.14976,2.5782847,6.0,23.6462897093963
Fresno,2018,8,24.23737309990707,39.96240177580593,20.051092,4.6971827,6.0,22.925582188670894
Fresno,2018,9,21.128174709620964,45.03305680604748,12.410023,6.343648,6.0,19.992390875716506
Fresno,2018,10,15.343248835219242,33.90323872624884,18.099157,4.394408,6.0,14.656789883888178
Fresno,2018,11,10.212743365371068,24.25257748396568,14.097305,3.3047009,6.0,8.688868188708247
Fresno,2018,12,5.573444510492038,12.905846235392854,5.605468,1.9801707,6.0,4.890050153511372
Fresno,2018,1,7.59460827464153,,,,,
Fresno,2018,2,6.370824439919431,,,,,
Fresno,2018,3,7.852293148922911,,,,,
Fresno,2018,4,12.960991493030122,19.37954486800251,8.237858,3.4522183,7.0,11.148379905834364
Fresno,2018,5,16.308109935850325,33.8927572965597,15.875668,2.1135666,7.0,15.634527908564628
Fresno,2018,6,22.03474855826954,39.14500534948845,12.811485,5.0805326,7.0,20.230983178453634
Fresno,2018,7,26.48462096705111,46.74244531300962,22.14976,2.5782847,7.0,23.6462897093963
Fresno,2018,8,24.23737309990707,37.94046557971355,20.051092,4.6971827,7.0,22.925582188670894
Fresno,2018,9,21.128174709620964,35.83485028482286,12.410023,6.343648,7.0,19.992390875716506
Fresno,2018,10,15.343248835219242,32.950848539005364,18.099157,4.394408,7.0,14.656789883888178
Fresno,2018,11,10.212743365371068,21.48587065841471,14.097305,3.3047009,7.0,8.688868188708247
Fresno,2018,12,5.573444510492038,15.491092931382404,5.605468,1.9801707,7.0,4.890050153511372
Fresno,2018,1,7.59460827464153,,,,,
Fresno,2018,2,6.370824439919431,,,,,
Fresno,2018,3,7.852293148922911,,,,,
Fresno,2018,4,12.960991493030122,23.915883576806845,8.237858,3.4522183,8.0,11.148379905834364
Fresno,2018,5,16.308109935850325,32.662170661634875,15.875668,2.1135666,8.0,15.634527908564628
Fresno,2018,6,22.03474855826954,27.104475467782578,12.811485,5.0805326,8.0,20.230983178453634
Fresno,2018,7,26.48462096705111,47.34968328528042,22.14976,2.5782847,8.0,23.6462897093963
Fresno,2018,8,24.23737309990707,44.743759802523705,20.051092,4.6971827,8.0,22.925582188670894
Fresno,2018,9,21.128174709620964,33.80631525441011,12.410023,6.343648,8.0,19.992390875716506
Fresno,2018,10,15.343248835219242,27.327302755730518,18.099157,4.394408,8.0,14.656789883888178
Fresno,2018,11,10.212743365371068,26.417165173753446,14.097305,3.3047009,8.0,8.688868188708247
Fresno,2018,12,5.573444510492038,13.006294989985857,5.605468,1.9801707,8.0,4.890050153511372
Fresno,2018,1,7.59460827464153,,,,,
Fresno,2018,2,6.370824439919431,,,,,
Fresno,2018,3,7.852293148922911,,,,,
Fresno,2018,4,12.960991493030122,19.744549435643904,8.237858,3.4522183,9.0,11.148379905834364
Fresno,2018,5,16.308109935850325,33.91195724007366,15.875668,2.1135666,9.0,15.634527908564628
Fresno,2018,6,22.03474855826954,32.45832285842111,12.811485,5.0805326,9.0,20.230983178453634
Fresno,2018,7,26.48462096705111,45.57653069768618,22.14976,2.5782847,9.0,23.6462897093963
Fresno,2018,8,24.23737309990707,47.78328012828493,20.051092,4.6971827,9.0,22.925582188670894
Fresno,2018,9,21.128174709620964,25.68781404263906,12.410023,6.343648,9.0,19.992390875716506
Fresno,2018,10,15.343248835219242,35.41745531958938,18.099157,4.394408,9.0,14.656789883888178
Fresno,2018,11,10.212743365371068,19.620106516000178,14.097305,3.3047009,9.0,8.688868188708247
Fresno,2018,12,5.573444510492038,13.516203565319827,5.605468,1.9801707,9.0,4.890050153511372
Fresno,2018,1,7.59460827464153,,,,,
Fresno,2018,2,6.370824439919431,,,,,
Fresno,2018,3,7.852293148922911,,,,,
Fresno,2018,4,12.960991493030122,17.630929307771083,8.237858,3.4522183,10.0,11.148379905834364
Fresno,2018,5,16.308109935850325,32.27528997054771,15.875668,2.1135666,10.0,15.634527908564628
Fresno,2018,6,22.03474855826954,29.28546381815943,12.811485,5.0805326,10.0,20.230983178453634
Fresno,2018,7,26.48462096705111,42.34851359291722,22.14976,2.5782847,10.0,23.6462897093963
Fresno,2018,8,24.23737309990707,39.35837208139424,20.051092,4.6971827,10.0,22.925582188670894
Fresno,2018,9,21.128174709620964,21.064287592319868,12.410023,6.343648,10.0,19.992390875716506
Fresno,2018,10,15.343248835219242,29.11051105182065,18.099157,4.394408,10.0,14.656789883888178
Fresno,2018,11,10.212743365371068,22.06411514254443,14.097305,3.3047009,10.0,8.688868188708247
Fresno,2018,12,5.573444510492038,9.37821827207911,5.605468,1.9801707,10.0,4.890050153511372
Fresno,2018,1,7.59460827464153,,,,,
Fresno,2018,2,6.370824439919431,,,,,
Fresno,2018,3,7.852293148922911,,,,,
Fresno,2018,4,12.960991493030122,18.51496319863368,8.237858,3.4522183,11.0,11.148379905834364
Fresno,2018,5,16.308109935850325,32.252961691323335,15.875668,2.1135666,11.0,15.634527908564628
Fresno,2018,6,22.03474855826954,32.14782312844042,12.811485,5.0805326,11.0,20.230983178453634
Fresno,2018,7,26.48462096705111,47.16272025327958,22.14976,2.5782847,11.0,23.6462897093963
Fresno,2018,8,24.23737309990707,40.42777360636808,20.051092,4.6971827,11.0,22.925582188670894
Fresno,2018,9,21.128174709620964,16.165114216462655,12.410023,6.343648,11.0,19.992390875716506
Fresno,2018,10,15.343248835219242,34.61989627807807,18.099157,4.394408,11.0,14.656789883888178
Fresno,2018,11,10.212743365371068,26.274533220704114,14.097305,3.3047009,11.0,8.688868188708247
Fresno,2018,12,5.573444510492038,11.281398853551504,5.605468,1.9801707,11.0,4.890050153511372
Fresno,2018,1,7.59460827464153,,,,,
Fresno,2018,2,6.370824439919431,,,,,
Fresno,2018,3,7.852293148922911,,,,,
Fresno,2018,4,12.960991493030122,21.19514348109732,8.237858,3.4522183,12.0,11.148379905834364
Fresno,2018,5,16.308109935850325,32.00980353609306,15.875668,2.1135666,12.0,15.634527908564628
Fresno,2018,6,22.03474855826954,28.753666970248307,12.811485,5.0805326,12.0,20.230983178453634
Fresno,2018,7,26.48462096705111,43.91571441244392,22.14976,2.5782847,12.0,23.6462897093963
Fresno,2018,8,24.23737309990707,40.88486265210404,20.051092,4.6971827,12.0,22.925582188670894
Fresno,2018,9,21.128174709620964,35.786280405919506,12.410023,6.343648,12.0,19.992390875716506
Fresno,2018,10,15.343248835219242,32.11120708699108,18.099157,4.394408,12.0,14.656789883888178
Fresno,2018,11,10.212743365371068,13.32363224409672,14.097305,3.3047009,12.0,8.688868188708247
Fresno,2018,12,5.573444510492038,10.401147880772251,5.605468,1.9801707,12.0,4.890050153511372
Fresno,2018,1,7.59460827464153,,,,,
Fresno,2018,2,6.370824439919431,,,,,
Fresno,2018,3,7.852293148922911,,,,,
Fresno,2018,4,12.960991493030122,19.274081394751036,8.237858,3.4522183,13.0,11.148379905834364
Fresno,2018,5,16.308109935850325,35.248347160626835,15.875668,2.1135666,13.0,15.634527908564628
Fresno,2018,6,22.03474855826954,37.610176336162716,12.811485,5.0805326,13.0,20.230983178453634
Fresno,2018,7,26.48462096705111,46.230871385296425,22.14976,2.5782847,13.0,23.6462897093963
Fresno,2018,8,24.23737309990707,45.69296411407544,20.051092,4.6971827,13.0,22.925582188670894
Fresno,2018,9,21.128174709620964,28.968637779590733,12.410023,6.343648,13.0,19.992390875716506
Fresno,2018,10,15.343248835219242,36.15499379544844,18.099157,4.394408,13.0,14.656789883888178
Fresno,2018,11,10.212743365371068,23.036806933997468,14.097305,3.3047009,13.0,8.688868188708247
Fresno,2018,12,5.573444510492038,12.274260861516446,5.605468,1.9801707,13.0,4.890050153511372
Fresno,2018,1,7.59460827464153,,,,,
Fresno,2018,2,6.370824439919431,,,,,
Fresno,2018,3,7.852293148922911,,,,,
Fresno,2018,4,12.960991493030122,22.91389333701239,8.237858,3.4522183,14.0,11.148379905834364
Fresno,2018,5,16.308109935850325,34.60142556205275,15.875668,2.1135666,14.0,15.634527908564628
Fresno,2018,6,22.03474855826954,29.339348951405007,12.811485,5.0805326,14.0,20.230983178453634
Fresno,2018,7,26.48462096705111,47.12712531032632,22.14976,2.5782847,14.0,23.6462897093963
Fresno,2018,8,24.23737309990707,52.00243221271594,20.051092,4.6971827,14.0,22.925582188670894
Fresno,2018,9,21.128174709620964,29.39966015956184,12.410023,6.343648,14.0,19.992390875716506
Fresno,2018,10,15.343248835219242,32.38469775734688,18.099157,4.394408,14.0,14.656789883888178
Fresno,2018,11,10.212743365371068,27.29040867412882,14.097305,3.3047009,14.0,8.688868188708247
Fresno,2018,12,5.573444510492038,12.209697159252599,5.605468,1.9801707,14.0,4.890050153511372
Fresno,2018,1,7.59460827464153,,,,,
Fresno,2018,2,6.370824439919431,,,,,
Fresno,2018,3,7.852293148922911,,,,,
Fresno,2018,4,12.960991493030122,17.30041044630388,8.237858,3.4522183,15.0,11.148379905834364
Fresno,2018,5,16.308109935850325,32.87978714052086,15.875668,2.1135666,15.0,15.634527908564628
Fresno,2018,6,22.03474855826954,22.61174701156242,12.811485,5.0805326,15.0,20.230983178453634
Fresno,2018,7,26.48462096705111,45.69039183020969,22.14976,2.5782847,15.0,23.6462897093963
Fresno,2018,8,24.23737309990707,47.086010766809764,20.051092,4.6971827,15.0,22.925582188670894
Fresno,2018,9,21.128174709620964,31.09223839836514,12.410023,6.343648,15.0,19.992390875716506
Fresno,2018,10,15.343248835219242,35.87955446406197,18.099157,4.394408,15.0,14.656789883888178
Fresno,2018,11,10.212743365371068,18.951863037386346,14.097305,3.3047009,15.0,8.688868188708247
Fresno,2018,12,5.573444510492038,8.889559285618908,5.605468,1.9801707,15.0,4.890050153511372
Fresno,2018,1,7.59460827464153,,,,,
Fresno,2018,2,6.370824439919431,,,,,
Fresno,2018,3,7.852293148922911,,,,,
Fresno,2018,4,12.960991493030122,21.399201048466146,8.237858,3.4522183,16.0,11.148379905834364
Fresno,2018,5,16.308109935850325,30.179450689968924,15.875668,2.1135666,16.0,15.634527908564628
Fresno,2018,6,22.03474855826954,29.13595858051448,12.811485,5.0805326,16.0,20.230983178453634
Fresno,2018,7,26.48462096705111,45.72044841802787,22.14976,2.5782847,16.0,23.6462897093963
Fresno,2018,8,24.23737309990707,39.81040768654195,20.051092,4.6971827,16.0,22.925582188670894
Fresno,2018,9,21.128174709620964,29.407944492009534,12.410023,6.343648,16.0,19.992390875716506
Fresno,2018,10,15.343248835219242,31.692319668263004,18.099157,4.394408,16.0,14.656789883888178
Fresno,2018,11,10.212743365371068,23.40428336874635,14.097305,3.3047009,16.0,8.688868188708247
Fresno,2018,12,5.573444510492038,11.863977410182148,5.605468,1.9801707,16.0,4.890050153511372
Fresno,2018,1,7.59460827464153,,,,,
Fresno,2018,2,6.370824439919431,,,,,
Fresno,2018,3,7.852293148922911,,,,,
Fresno,2018,4,12.960991493030122,16.85689999983179,8.237858,3.4522183,17.0,11.148379905834364
Fresno,2018,5,16.308109935850325,33.12947856990817,15.875668,2.1135666,17.0,15.634527908564628
Fresno,2018,6,22.03474855826954,28.080463239902315,12.811485,5.0805326,17.0,20.230983178453634
Fresno,2018,7,26.48462096705111,47.751480475122165,22.14976,2.5782847,17.0,23.6462897093963
Fresno,2018,8,24.23737309990707,42.170574672334865,20.051092,4.6971827,17.0,22.925582188670894
Fresno,2018,9,21.128174709620964,27.719247341391203,12.410023,6.343648,17.0,19.992390875716506
Fresno,2018,10,15.343248835219242,27.630342099448605,18.099157,4.394408,17.0,14.656789883888178
Fresno,2018,11,10.212743365371068,26.671176372956488,14.097305,3.3047009,17.0,8.688868188708247
Fresno,2018,12,5.573444510492038,6.67821520365367,5.605468,1.9801707,17.0,4.890050153511372
Fresno,2018,1,7.59460827464153,,,,,
Fresno,2018,2,6.370824439919431,,,,,
Fresno,2018,3,7.852293148922911,,,,,
Fresno,2018,4,12.960991493030122,13.632841407132902,8.237858,3.4522183,18.0,11.148379905834364
Fresno,2018,5,16.308109935850325,34.022723184546834,15.875668,2.1135666,18.0,15.634527908564628
Fresno,2018,6,22.03474855826954,32.93549593748968,12.811485,5.0805326,18.0,20.230983178453634
Fresno,2018,7,26.48462096705111,46.11550479067039,22.14976,2.5782847,18.0,23.6462897093963
Fresno,2018,8,24.23737309990707,51.109678156120225,20.051092,4.6971827,18.0,22.925582188670894
Fresno,2018,9,21.128174709620964,42.671059148340525,12.410023,6.343648,18.0,19.992390875716506
Fresno,2018,10,15.343248835219242,39.040581913447035,18.099157,4.394408,18.0,14.656789883888178
Fresno,2018,11,10.212743365371068,23.0684274786775,14.097305,3.3047009,18.0,8.688868188708247
Fresno,2018,12,5.573444510492038,11.837856702626645,5.605468,1.9801707,18.0,4.890050153511372
Fresno,2018,1,7.59460827464153,,,,,
Fresno,2018,2,6.370824439919431,,,,,
Fresno,2018,3,7.852293148922911,,,,,
Fresno,2018,4,12.960991493030122,26.041556938438596,8.237858,3.4522183,19.0,11.148379905834364
Fresno,2018,5,16.308109935850325,32.32813672327319,15.875668,2.1135666,19.0,15.634527908564628
Fresno,2018,6,22.03474855826954,34.48168659234797,12.811485,5.0805326,19.0,20.230983178453634
Fresno,2018,7,26.48462096705111,44.25778628206824,22.14976,2.5782847,19.0,23.6462897093963
Fresno,2018,8,24.23737309990707,51.15637333666183,20.051092,4.6971827,19.0,22.925582188670894
Fresno,2018,9,21.128174709620964,36.03771583753617,12.410023,6.343648,19.0,19.992390875716506
Fresno,2018,10,15.343248835219242,35.5845145680062,18.099157,4.394408,19.0,14.656789883888178
Fresno,2018,11,10.212743365371068,22.420567182786222,14.097305,3.3047009,19.0,8.688868188708247
Fresno,2018,12,5.573444510492038,11.87508427378865,5.605468,1.9801707,19.0,4.890050153511372
Fresno,2018,1,7.59460827464153,,,,,
Fresno,2018,2,6.370824439919431,,,,,
Fresno,2018,3,7.852293148922911,,,,,
Fresno,2018,4,12.960991493030122,15.560444212058895,8.237858,3.4522183,20.0,11.148379905834364
Fresno,2018,5,16.308109935850325,31.96361846504773,15.875668,2.1135666,20.0,15.634527908564628
Fresno,2018,6,22.03474855826954,30.72489996000715,12.811485,5.0805326,20.0,20.230983178453634
Fresno,2018,7,26.48462096705111,46.479290983364734,22.14976,2.5782847,20.0,23.6462897093963
Fresno,2018,8,24.23737309990707,40.95396822287351,20.051092,4.6971827,20.0,22.925582188670894
Fresno,2018,9,21.128174709620964,30.519842109094906,12.410023,6.343648,20.0,19.992390875716506
Fresno,2018,10,15.343248835219242,34.054115338206984,18.099157,4.394408,20.0,14.656789883888178
Fresno,2018,11,10.212743365371068,23.983944848652435,14.097305,3.3047009,20.0,8.688868188708247
Fresno,2018,12,5.573444510492038,12.640962479359551,5.605468,1.9801707,20.0,4.890050153511372
Fresno,2018,1,7.59460827464153,,,,,
Fresno,2018,2,6.370824439919431,,,,,
Fresno,2018,3,7.852293148922911,,,,,
Fresno,2018,4,12.960991493030122,20.30918097884232,8.237858,3.4522183,21.0,11.148379905834364
Fresno,2018,5,16.308109935850325,33.92214840857945,15.875668,2.1135666,21.0,15.634527908564628
Fresno,2018,6,22.03474855826954,38.24950289888245,12.811485,5.0805326,21.0,20.230983178453634
Fresno,2018,7,26.48462096705111,49.01596748973872,22.14976,2.5782847,21.0,23.6462897093963
Fresno,2018,8,24.23737309990707,54.155797227312775,20.051092,4.6971827,21.0,22.925582188670894
Fresno,2018,9,21.128174709620964,22.004241916606638,12.410023,6.343648,21.0,19.992390875716506
Fresno,2018,10,15.343248835219242,40.640685529077565,18.099157,4.394408,21.0,14.656789883888178
Fresno,2018,11,10.212743365371068,22.987646449001502,14.097305,3.3047009,21.0,8.688868188708247
Fresno,2018,12,5.573444510492038,11.492854340636356,5.605468,1.9801707,21.0,4.890050153511372
Fresno,2018,1,7.59460827464153,,,,,
Fresno,2018,2,6.370824439919431,,,,,
Fresno,2018,3,7.852293148922911,,,,,
Fresno,2018,4,12.960991493030122,19.598907771195513,8.237858,3.4522183,22.0,11.148379905834364
Fresno,2018,5,16.308109935850325,32.22373171893372,15.875668,2.1135666,22.0,15.634527908564628
Fresno,2018,6,22.03474855826954,26.194149857189,12.811485,5.0805326,22.0,20.230983178453634
Fresno,2018,7,26.48462096705111,45.91153563180758,22.14976,2.5782847,22.0,23.6462897093963
Fresno,2018,8,24.23737309990707,40.59790479714829,20.051092,4.6971827,22.0,22.925582188670894
Fresno,2018,9,21.128174709620964,28.077546560092017,12.410023,6.343648,22.0,19.992390875716506
Fresno,2018,10,15.343248835219242,29.013489336520962,18.099157,4.394408,22.0,14.656789883888178
Fresno,2018,11,10.212743365371068,22.967189077132204,14.097305,3.3047009,22.0,8.688868188708247
Fresno,2018,12,5.573444510492038,13.933032653922979,5.605468,1.9801707,22.0,4.890050153511372
Fresno,2018,1,7.59460827464153,,,,,
Fresno,2018,2,6.370824439919431,,,,,
Fresno,2018,3,7.852293148922911,,,,,
Fresno,2018,4,12.960991493030122,22.945394757123243,8.237858,3.4522183,23.0,11.148379905834364
Fresno,2018,5,16.308109935850325,33.42758680354592,15.875668,2.1135666,23.0,15.634527908564628
Fresno,2018,6,22.03474855826954,35.333748255079556,12.811485,5.0805326,23.0,20.230983178453634
Fresno,2018,7,26.48462096705111,45.63766889929219,22.14976,2.5782847,23.0,23.6462897093963
Fresno,2018,8,24.23737309990707,43.64256437908732,20.051092,4.6971827,23.0,22.925582188670894
Fresno,2018,9,21.128174709620964,32.971548667253714,12.410023,6.343648,23.0,19.992390875716506
Fresno,2018,10,15.343248835219242,33.97618257426318,18.099157,4.394408,23.0,14.656789883888178
Fresno,2018,11,10.212743365371068,22.14066730441187,14.097305,3.3047009,23.0,8.688868188708247
Fresno,2018,12,5.573444510492038,15.875683668480754,5.605468,1.9801707,23.0,4.890050153511372
Fresno,2018,1,7.59460827464153,,,,,
Fresno,2018,2,6.370824439919431,,,,,
Fresno,2018,3,7.852293148922911,,,,,
Fresno,2018,4,12.960991493030122,20.43078360812629,8.237858,3.4522183,24.0,11.148379905834364
Fresno,2018,5,16.308109935850325,32.12233426000785,15.875668,2.1135666,24.0,15.634527908564628
Fresno,2018,6,22.03474855826954,34.500759201294144,12.811485,5.0805326,24.0,20.230983178453634
Fresno,2018,7,26.48462096705111,46.19419921688434,22.14976,2.5782847,24.0,23.6462897093963
Fresno,2018,8,24.23737309990707,42.53968399436612,20.051092,4.6971827,24.0,22.925582188670894
Fresno,2018,9,21.128174709620964,31.592096199833584,12.410023,6.343648,24.0,19.992390875716506
Fresno,2018,10,15.343248835219242,34.99852490836407,18.099157,4.394408,24.0,14.656789883888178
Fresno,2018,11,10.212743365371068,21.490597520115678,14.097305,3.3047009,24.0,8.688868188708247
Fresno,2018,12,5.573444510492038,10.19181107719897,5.605468,1.9801707,24.0,4.890050153511372
Fresno,2018,1,7.59460827464153,,,,,
Fresno,2018,2,6.370824439919431,,,,,
Fresno,2018,3,7.852293148922911,,,,,
Fresno,2018,4,12.960991493030122,20.59695153312801,8.237858,3.4522183,25.0,11.148379905834364
Fresno,2018,5,16.308109935850325,30.737199004550085,15.875668,2.1135666,25.0,15.634527908564628
Fresno,2018,6,22.03474855826954,35.44522161961997,12.811485,5.0805326,25.0,20.230983178453634
Fresno,2018,7,26.48462096705111,48.93054369611673,22.14976,2.5782847,25.0,23.6462897093963
Fresno,2018,8,24.23737309990707,37.82376408793358,20.051092,4.6971827,25.0,22.925582188670894
Fresno,2018,9,21.128174709620964,36.323139150080266,12.410023,6.343648,25.0,19.992390875716506
Fresno,2018,10,15.343248835219242,28.698873979014262,18.099157,4.394408,25.0,14.656789883888178
Fresno,2018,11,10.212743365371068,25.567651958485683,14.097305,3.3047009,25.0,8.688868188708247
Fresno,2018,12,5.573444510492038,10.195276103032583,5.605468,1.9801707,25.0,4.890050153511372
Fresno,2018,1,7.59460827464153,,,,,
Fresno,2018,2,6.370824439919431,,,,,
Fresno,2018,3,7.852293148922911,,,,,
Fresno,2018,4,12.960991493030122,17.73571212291767,8.237858,3.4522183,26.0,11.148379905834364
Fresno,2018,5,16.308109935850325,33.234705487349245,15.875668,2.1135666,26.0,15.634527908564628
Fresno,2018,6,22.03474855826954,31.575270839376124,12.811485,5.0805326,26.0,20.230983178453634
Fresno,2018,7,26.48462096705111,43.9529833298669,22.14976,2.5782847,26.0,23.6462897093963
Fresno,2018,8,24.23737309990707,43.12700027527228,20.051092,4.6971827,26.0,22.925582188670894
Fresno,2018,9,21.128174709620964,25.67551290315331,12.410023,6.343648,26.0,19.992390875716506
Fresno,2018,10,15.343248835219242,29.11070298436931,18.099157,4.394408,26.0,14.656789883888178
Fresno,2018,11,10.212743365371068,28.15998382047607,14.097305,3.3047009,26.0,8.688868188708247
Fresno,2018,12,5.573444510492038,10.92357826269998,5.605468,1.9801707,26.0,4.890050153511372
Fresno,2018,1,7.59460827464153,,,,,
Fresno,2018,2,6.370824439919431,,,,,
Fresno,2018,3,7.852293148922911,,,,,
Fresno,2018,4,12.960991493030122,23.43381409431629,8.237858,3.4522183,27.0,11.148379905834364
Fresno,2018,5,16.308109935850325,36.751154487634786,15.875668,2.1135666,27.0,15.634527908564628
Fresno,2018,6,22.03474855826954,27.366032068706367,12.811485,5.0805326,27.0,20.230983178453634
Fresno,2018,7,26.48462096705111,50.73584737233923,22.14976,2.5782847,27.0,23.6462897093963
Fresno,2018,8,24.23737309990707,43.895306404477395,20.051092,4.6971827,27.0,22.925582188670894
Fresno,2018,9,21.128174709620964,32.174080077748364,12.410023,6.343648,27.0,19.992390875716506
Fresno,2018,10,15.343248835219242,35.18827507735071,18.099157,4.394408,27.0,14.656789883888178
Fresno,2018,11,10.212743365371068,22.81800690388799,14.097305,3.3047009,27.0,8.688868188708247
Fresno,2018,12,5.573444510492038,8.443184961179456,5.605468,1.9801707,27.0,4.890050153511372
Fresno,2018,1,7.59460827464153,,,,,
Fresno,2018,2,6.370824439919431,,,,,
Fresno,2018,3,7.852293148922911,,,,,
Fresno,2018,4,12.960991493030122,24.037993816910483,8.237858,3.4522183,28.0,11.148379905834364
Fresno,2018,5,16.308109935850325,32.43599956152575,15.875668,2.1135666,28.0,15.634527908564628
Fresno,2018,6,22.03474855826954,31.84317280293613,12.811485,5.0805326,28.0,20.230983178453634
Fresno,2018,7,26.48462096705111,48.70041734167437,22.14976,2.5782847,28.0,23.6462897093963
Fresno,2018,8,24.23737309990707,52.147940297004816,20.051092,4.6971827,28.0,22.925582188670894
Fresno,2018,9,21.128174709620964,35.8217933152487,12.410023,6.343648,28.0,19.992390875716506
Fresno,2018,10,15.343248835219242,34.84984203841796,18.099157,4.394408,28.0,14.656789883888178
Fresno,2018,11,10.212743365371068,25.09356619839572,14.097305,3.3047009,28.0,8.688868188708247
Fresno,2018,12,5.573444510492038,10.19856266935368,5.605468,1.9801707,28.0,4.890050153511372
Fresno,2018,1,7.59460827464153,,,,,
Fresno,2018,2,6.370824439919431,,,,,
Fresno,2018,3,7.852293148922911,,,,,
Fresno,2018,4,12.960991493030122,19.605849083536754,8.237858,3.4522183,29.0,11.148379905834364
Fresno,2018,5,16.308109935850325,34.00090148566003,15.875668,2.1135666,29.0,15.634527908564628
Fresno,2018,6,22.03474855826954,37.675619216405416,12.811485,5.0805326,29.0,20.230983178453634
Fresno,2018,7,26.48462096705111,44.97134538177802,22.14976,2.5782847,29.0,23.6462897093963
Fresno,2018,8,24.23737309990707,35.699314878354,20.051092,4.6971827,29.0,22.925582188670894
Fresno,2018,9,21.128174709620964,25.220622431823543,12.410023,6.343648,29.0,19.992390875716506
Fresno,2018,10,15.343248835219242,34.85833747787501,18.099157,4.394408,29.0,14.656789883888178
Fresno,2018,11,10.212743365371068,22.739502491691084,14.097305,3.3047009,29.0,8.688868188708247
Fresno,2018,12,5.573444510492038,9.822271490452469,5.605468,1.9801707,29.0,4.890050153511372
Fresno,2018,1,7.59460827464153,,,,,
Fresno,2018,2,6.370824439919431,,,,,
Fresno,2018,3,7.852293148922911,,,,,
Fresno,2018,4,12.960991493030122,24.7138566260148,8.237858,3.4522183,30.0,11.148379905834364
Fresno,2018,5,16.308109935850325,34.26800056174632,15.875668,2.1135666,30.0,15.634527908564628
Fresno,2018,6,22.03474855826954,29.489320526832532,12.811485,5.0805326,30.0,20.230983178453634
Fresno,2018,7,26.48462096705111,46.96037530746979,22.14976,2.5782847,30.0,23.6462897093963
Fresno,2018,8,24.23737309990707,44.31848675702756,20.051092,4.6971827,30.0,22.925582188670894
Fresno,2018,9,21.128174709620964,41.58102476095445,12.410023,6.343648,30.0,19.992390875716506
Fresno,2018,10,15.343248835219242,35.63423380106314,18.099157,4.394408,30.0,14.656789883888178
Fresno,2018,11,10.212743365371068,24.526790609538274,14.097305,3.3047009,30.0,8.688868188708247
Fresno,2018,12,5.573444510492038,8.268618163758958,5.605468,1.9801707,30.0,4.890050153511372
Fresno,2018,1,7.59460827464153,,,,,
Fresno,2018,2,6.370824439919431,,,,,
Fresno,2018,3,7.852293148922911,,,,,
Fresno,2018,4,12.960991493030122,12.759965815101918,8.237858,3.4522183,31.0,11.148379905834364
Fresno,2018,5,16.308109935850325,32.11791215384676,15.875668,2.1135666,31.0,15.634527908564628
Fresno,2018,6,22.03474855826954,34.82558273152407,12.811485,5.0805326,31.0,20.230983178453634
Fresno,2018,7,26.48462096705111,42.81118256237889,22.14976,2.5782847,31.0,23.6462897093963
Fresno,2018,8,24.23737309990707,41.10662407014264,20.051092,4.6971827,31.0,22.925582188670894
Fresno,2018,9,21.128174709620964,27.99249950361072,12.410023,6.343648,31.0,19.992390875716506
Fresno,2018,10,15.343248835219242,26.903151521789944,18.099157,4.394408,31.0,14.656789883888178
Fresno,2018,11,10.212743365371068,21.18002594657891,14.097305,3.3047009,31.0,8.688868188708247
Fresno,2018,12,5.573444510492038,13.350456748018498,5.605468,1.9801707,31.0,4.890050153511372
Fresno,2018,1,7.59460827464153,,,,,
Fresno,2018,2,6.370824439919431,,,,,
Fresno,2018,3,7.852293148922911,,,,,
Fresno,2018,4,12.960991493030122,19.833443879621107,8.237858,3.4522183,32.0,11.148379905834364
Fresno,2018,5,16.308109935850325,30.614678126054507,15.875668,2.1135666,32.0,15.634527908564628
Fresno,2018,6,22.03474855826954,31.12679187678441,12.811485,5.0805326,32.0,20.230983178453634
Fresno,2018,7,26.48462096705111,42.45053230073111,22.14976,2.5782847,32.0,23.6462897093963
Fresno,2018,8,24.23737309990707,45.270640716736104,20.051092,4.6971827,32.0,22.925582188670894
Fresno,2018,9,21.128174709620964,26.05672656517859,12.410023,6.343648,32.0,19.992390875716506
Fresno,2018,10,15.343248835219242,29.298571014537522,18.099157,4.394408,32.0,14.656789883888178
Fresno,2018,11,10.212743365371068,22.511460958289845,14.097305,3.3047009,32.0,8.688868188708247
Fresno,2018,12,5.573444510492038,10.922458691191359,5.605468,1.9801707,32.0,4.890050153511372
Fresno,2018,1,7.59460827464153,,,,,
Fresno,2018,2,6.370824439919431,,,,,
Fresno,2018,3,7.852293148922911,,,,,
Fresno,2018,4,12.960991493030122,16.062145957893804,8.237858,3.4522183,33.0,11.148379905834364
Fresno,2018,5,16.308109935850325,31.435526103530286,15.875668,2.1135666,33.0,15.634527908564628
Fresno,2018,6,22.03474855826954,28.172184700346552,12.811485,5.0805326,33.0,20.230983178453634
Fresno,2018,7,26.48462096705111,47.0919430032492,22.14976,2.5782847,33.0,23.6462897093963
Fresno,2018,8,24.23737309990707,35.30908920589522,20.051092,4.6971827,33.0,22.925582188670894
Fresno,2018,9,21.128174709620964,25.320404319284894,12.410023,6.343648,33.0,19.992390875716506
Fresno,2018,10,15.343248835219242,41.55189229871355,18.099157,4.394408,33.0,14.656789883888178
Fresno,2018,11,10.212743365371068,24.23424272829535,14.097305,3.3047009,33.0,8.688868188708247
Fresno,2018,12,5.573444510492038,8.76749046381839,5.605468,1.9801707,33.0,4.890050153511372
Fresno,2018,1,7.59460827464153,,,,,
Fresno,2018,2,6.370824439919431,,,,,
Fresno,2018,3,7.852293148922911,,,,,
Fresno,2018,4,12.960991493030122,15.452336599644571,8.237858,3.4522183,34.0,11.148379905834364
Fresno,2018,5,16.308109935850325,32.08555508539629,15.875668,2.1135666,34.0,15.634527908564628
Fresno,2018,6,22.03474855826954,33.738789884143245,12.811485,5.0805326,34.0,20.230983178453634
Fresno,2018,7,26.48462096705111,46.005407204261836,22.14976,2.5782847,34.0,23.6462897093963
Fresno,2018,8,24.23737309990707,47.80291471452306,20.051092,4.6971827,34.0,22.925582188670894
Fresno,2018,9,21.128174709620964,34.98792404386322,12.410023,6.343648,34.0,19.992390875716506
Fresno,2018,10,15.343248835219242,32.905176063094565,18.099157,4.394408,34.0,14.656789883888178
Fresno,2018,11,10.212743365371068,23.21817097063625,14.097305,3.3047009,34.0,8.688868188708247
Fresno,2018,12,5.573444510492038,10.283914471327494,5.605468,1.9801707,34.0,4.890050153511372
Fresno,2018,1,7.59460827464153,,,,,
Fresno,2018,2,6.370824439919431,,,,,
Fresno,2018,3,7.852293148922911,,,,,
Fresno,2018,4,12.960991493030122,18.344425346131814,8.237858,3.4522183,35.0,11.148379905834364
Fresno,2018,5,16.308109935850325,34.469465750131945,15.875668,2.1135666,35.0,15.634527908564628
Fresno,2018,6,22.03474855826954,34.92380033298575,12.811485,5.0805326,35.0,20.230983178453634
Fresno,2018,7,26.48462096705111,51.144979993935436,22.14976,2.5782847,35.0,23.6462897093963
Fresno,2018,8,24.23737309990707,38.95179030567786,20.051092,4.6971827,35.0,22.925582188670894
Fresno,2018,9,21.128174709620964,32.72450982721038,12.410023,6.343648,35.0,19.992390875716506
Fresno,2018,10,15.343248835219242,34.714937618294634,18.099157,4.394408,35.0,14.656789883888178
Fresno,2018,11,10.212743365371068,22.553997379409005,14.097305,3.3047009,35.0,8.688868188708247
Fresno,2018,12,5.573444510492038,11.253896970889809,5.605468,1.9801707,35.0,4.890050153511372
Fresno,2018,1,7.59460827464153,,,,,
Fresno,2018,2,6.370824439919431,,,,,
Fresno,2018,3,7.852293148922911,,,,,
Fresno,2018,4,12.960991493030122,23.87536660174119,8.237858,3.4522183,36.0,11.148379905834364
Fresno,2018,5,16.308109935850325,29.81695027493131,15.875668,2.1135666,36.0,15.634527908564628
Fresno,2018,6,22.03474855826954,30.7755298519348,12.811485,5.0805326,36.0,20.230983178453634
Fresno,2018,7,26.48462096705111,49.22317968939102,22.14976,2.5782847,36.0,23.6462897093963
Fresno,2018,8,24.23737309990707,39.70016121117632,20.051092,4.6971827,36.0,22.925582188670894
Fresno,2018,9,21.128174709620964,31.91168137359398,12.410023,6.343648,36.0,19.992390875716506
Fresno,2018,10,15.343248835219242,36.49331056776138,18.099157,4.394408,36.0,14.656789883888178
Fresno,2018,11,10.212743365371068,17.009954510503498,14.097305,3.3047009,36.0,8.688868188708247
Fresno,2018,12,5.573444510492038,8.695628215687156,5.605468,1.9801707,36.0,4.890050153511372
Fresno,2018,1,7.59460827464153,,,,,
Fresno,2018,2,6.370824439919431,,,,,
Fresno,2018,3,7.852293148922911,,,,,
Fresno,2018,4,12.960991493030122,18.999820441029698,8.237858,3.4522183,37.0,11.148379905834364
Fresno,2018,5,16.308109935850325,32.49352616722756,15.875668,2.1135666,37.0,15.634527908564628
Fresno,2018,6,22.03474855826954,39.62227800282024,12.811485,5.0805326,37.0,20.230983178453634
Fresno,2018,7,26.48462096705111,48.735195231623905,22.14976,2.5782847,37.0,23.6462897093963
Fresno,2018,8,24.23737309990707,53.223227412796284,20.051092,4.6971827,37.0,22.925582188670894
Fresno,2018,9,21.128174709620964,21.948612679433122,12.410023,6.343648,37.0,19.992390875716506
Fresno,2018,10,15.343248835219242,35.00769980045397,18.099157,4.394408,37.0,14.656789883888178
Fresno,2018,11,10.212743365371068,22.44745025025409,14.097305,3.3047009,37.0,8.688868188708247
Fresno,2018,12,5.573444510492038,8.562255228484783,5.605468,1.9801707,37.0,4.890050153511372
Fresno,2018,1,7.59460827464153,,,,,
Fresno,2018,2,6.370824439919431,,,,,
Fresno,2018,3,7.852293148922911,,,,,
Fresno,2018,4,12.960991493030122,15.70730635367165,8.237858,3.4522183,38.0,11.148379905834364
Fresno,2018,5,16.308109935850325,32.81990097217186,15.875668,2.1135666,38.0,15.634527908564628
Fresno,2018,6,22.03474855826954,42.366995168822555,12.811485,5.0805326,38.0,20.230983178453634
Fresno,2018,7,26.48462096705111,43.36093830635676,22.14976,2.5782847,38.0,23.6462897093963
Fresno,2018,8,24.23737309990707,42.068376193214945,20.051092,4.6971827,38.0,22.925582188670894
Fresno,2018,9,21.128174709620964,25.09207352728667,12.410023,6.343648,38.0,19.992390875716506
Fresno,2018,10,15.343248835219242,29.44739471934833,18.099157,4.394408,38.0,14.656789883888178
Fresno,2018,11,10.212743365371068,21.459441116183015,14.097305,3.3047009,38.0,8.688868188708247
Fresno,2018,12,5.573444510492038,8.319407998186282,5.605468,1.9801707,38.0,4.890050153511372
Fresno,2018,1,7.59460827464153,,,,,
Fresno,2018,2,6.370824439919431,,,,,
Fresno,2018,3,7.852293148922911,,,,,
Fresno,2018,4,12.960991493030122,18.85032081385959,8.237858,3.4522183,39.0,11.148379905834364
Fresno,2018,5,16.308109935850325,34.51248808327186,15.875668,2.1135666,39.0,15.634527908564628
Fresno,2018,6,22.03474855826954,33.22975895413265,12.811485,5.0805326,39.0,20.230983178453634
Fresno,2018,7,26.48462096705111,48.26582546291431,22.14976,2.5782847,39.0,23.6462897093963
Fresno,2018,8,24.23737309990707,44.2809408999039,20.051092,4.6971827,39.0,22.925582188670894
Fresno,2018,9,21.128174709620964,36.91599346993135,12.410023,6.343648,39.0,19.992390875716506
Fresno,2018,10,15.343248835219242,33.24981825175964,18.099157,4.394408,39.0,14.656789883888178
Fresno,2018,11,10.212743365371068,22.09144447269984,14.097305,3.3047009,39.0,8.688868188708247
Fresno,2018,12,5.573444510492038,8.339189730307764,5.605468,1.9801707,39.0,4.890050153511372
Fresno,2018,1,7.59460827464153,,,,,
Fresno,2018,2,6.370824439919431,,,,,
Fresno,2018,3,7.852293148922911,,,,,
Fresno,2018,4,12.960991493030122,16.797979903902934,8.237858,3.4522183,40.0,11.148379905834364
Fresno,2018,5,16.308109935850325,35.29636866130063,15.875668,2.1135666,40.0,15.634527908564628
Fresno,2018,6,22.03474855826954,23.88640026501909,12.811485,5.0805326,40.0,20.230983178453634
Fresno,2018,7,26.48462096705111,45.83653875272558,22.14976,2.5782847,40.0,23.6462897093963
Fresno,2018,8,24.23737309990707,44.52392493116259,20.051092,4.6971827,40.0,22.925582188670894
Fresno,2018,9,21.128174709620964,26.43062137263171,12.410023,6.343648,40.0,19.992390875716506
Fresno,2018,10,15.343248835219242,32.84956317599804,18.099157,4.394408,40.0,14.656789883888178
Fresno,2018,11,10.212743365371068,28.231681134177883,14.097305,3.3047009,40.0,8.688868188708247
Fresno,2018,12,5.573444510492038,9.208800399033592,5.605468,1.9801707,40.0,4.890050153511372
Fresno,2018,1,7.59460827464153,,,,,
Fresno,2018,2,6.370824439919431,,,,,
Fresno,2018,3,7.852293148922911,,,,,
Fresno,2018,4,12.960991493030122,22.39817811515235,8.237858,3.4522183,41.0,11.148379905834364
Fresno,2018,5,16.308109935850325,30.700903006023513,15.875668,2.1135666,41.0,15.634527908564628
Fresno,2018,6,22.03474855826954,36.51215311545022,12.811485,5.0805326,41.0,20.230983178453634
Fresno,2018,7,26.48462096705111,43.888345676446626,22.14976,2.5782847,41.0,23.6462897093963
Fresno,2018,8,24.23737309990707,42.11812280505843,20.051092,4.6971827,41.0,22.925582188670894
Fresno,2018,9,21.128174709620964,32.757227507052455,12.410023,6.343648,41.0,19.992390875716506
Fresno,2018,10,15.343248835219242,30.271762872650378,18.099157,4.394408,41.0,14.656789883888178
Fresno,2018,11,10.212743365371068,26.990952413854615,14.097305,3.3047009,41.0,8.688868188708247
Fresno,2018,12,5.573444510492038,8.64111616801748,5.605468,1.9801707,41.0,4.890050153511372
Fresno,2018,1,7.59460827464153,,,,,
Fresno,2018,2,6.370824439919431,,,,,
Fresno,2018,3,7.852293148922911,,,,,
Fresno,2018,4,12.960991493030122,19.508004266663548,8.237858,3.4522183,42.0,11.148379905834364
Fresno,2018,5,16.308109935850325,30.998885635158985,15.875668,2.1135666,42.0,15.634527908564628
Fresno,2018,6,22.03474855826954,35.85159414364519,12.811485,5.0805326,42.0,20.230983178453634
Fresno,2018,7,26.48462096705111,46.97466440944838,22.14976,2.5782847,42.0,23.6462897093963
Fresno,2018,8,24.23737309990707,44.496953869835,20.051092,4.6971827,42.0,22.925582188670894
Fresno,2018,9,21.128174709620964,38.46728382467096,12.410023,6.343648,42.0,19.992390875716506
Fresno,2018,10,15.343248835219242,33.59665270720496,18.099157,4.394408,42.0,14.656789883888178
Fresno,2018,11,10.212743365371068,24.5109292658937,14.097305,3.3047009,42.0,8.688868188708247
Fresno,2018,12,5.573444510492038,11.498198193364953,5.605468,1.9801707,42.0,4.890050153511372
Fresno,2018,1,7.59460827464153,,,,,
Fresno,2018,2,6.370824439919431,,,,,
Fresno,2018,3,7.852293148922911,,,,,
Fresno,2018,4,12.960991493030122,16.84622098545663,8.237858,3.4522183,43.0,11.148379905834364
Fresno,2018,5,16.308109935850325,35.212165684266594,15.875668,2.1135666,43.0,15.634527908564628
Fresno,2018,6,22.03474855826954,37.852237522361484,12.811485,5.0805326,43.0,20.230983178453634
Fresno,2018,7,26.48462096705111,51.19830576268387,22.14976,2.5782847,43.0,23.6462897093963
Fresno,2018,8,24.23737309990707,47.81607639882192,20.051092,4.6971827,43.0,22.925582188670894
Fresno,2018,9,21.128174709620964,23.56933654068146,12.410023,6.343648,43.0,19.992390875716506
Fresno,2018,10,15.343248835219242,37.327710227044406,18.099157,4.394408,43.0,14.656789883888178
Fresno,2018,11,10.212743365371068,24.373967043817622,14.097305,3.3047009,43.0,8.688868188708247
Fresno,2018,12,5.573444510492038,6.3355424724952005,5.605468,1.9801707,43.0,4.890050153511372
Fresno,2018,1,7.59460827464153,,,,,
Fresno,2018,2,6.370824439919431,,,,,
Fresno,2018,3,7.852293148922911,,,,,
Fresno,2018,4,12.960991493030122,13.751626801332023,8.237858,3.4522183,44.0,11.148379905834364
Fresno,2018,5,16.308109935850325,30.335613482751683,15.875668,2.1135666,44.0,15.634527908564628
Fresno,2018,6,22.03474855826954,40.174811755241876,12.811485,5.0805326,44.0,20.230983178453634
Fresno,2018,7,26.48462096705111,46.71573441283096,22.14976,2.5782847,44.0,23.6462897093963
Fresno,2018,8,24.23737309990707,47.874645946674356,20.051092,4.6971827,44.0,22.925582188670894
Fresno,2018,9,21.128174709620964,27.943303126421192,12.410023,6.343648,44.0,19.992390875716506
Fresno,2018,10,15.343248835219242,36.05988329268462,18.099157,4.394408,44.0,14.656789883888178
Fresno,2018,11,10.212743365371068,19.002638578469814,14.097305,3.3047009,44.0,8.688868188708247
Fresno,2018,12,5.573444510492038,7.090929816691375,5.605468,1.9801707,44.0,4.890050153511372
Fresno,2018,1,7.59460827464153,,,,,
Fresno,2018,2,6.370824439919431,,,,,
Fresno,2018,3,7.852293148922911,,,,,
Fresno,2018,4,12.960991493030122,14.213723656781413,8.237858,3.4522183,45.0,11.148379905834364
Fresno,2018,5,16.308109935850325,33.42757805841967,15.875668,2.1135666,45.0,15.634527908564628
Fresno,2018,6,22.03474855826954,33.04859851038246,12.811485,5.0805326,45.0,20.230983178453634
Fresno,2018,7,26.48462096705111,51.00887068997638,22.14976,2.5782847,45.0,23.6462897093963
Fresno,2018,8,24.23737309990707,41.07396112194563,20.051092,4.6971827,45.0,22.925582188670894
Fresno,2018,9,21.128174709620964,42.47166213630413,12.410023,6.343648,45.0,19.992390875716506
Fresno,2018,10,15.343248835219242,34.18280787814684,18.099157,4.394408,45.0,14.656789883888178
Fresno,2018,11,10.212743365371068,25.770937638498154,14.097305,3.3047009,45.0,8.688868188708247
Fresno,2018,12,5.573444510492038,14.825671465775951,5.605468,1.9801707,45.0,4.890050153511372
Fresno,2018,1,7.59460827464153,,,,,
Fresno,2018,2,6.370824439919431,,,,,
Fresno,2018,3,7.852293148922911,,,,,
Fresno,2018,4,12.960991493030122,12.807402587103379,8.237858,3.4522183,46.0,11.148379905834364
Fresno,2018,5,16.308109935850325,35.97813033371455,15.875668,2.1135666,46.0,15.634527908564628
Fresno,2018,6,22.03474855826954,31.43234594605061,12.811485,5.0805326,46.0,20.230983178453634
Fresno,2018,7,26.48462096705111,41.29754371362137,22.14976,2.5782847,46.0,23.6462897093963
Fresno,2018,8,24.23737309990707,40.260062791985135,20.051092,4.6971827,46.0,22.925582188670894
Fresno,2018,9,21.128174709620964,31.739731398094023,12.410023,6.343648,46.0,19.992390875716506
Fresno,2018,10,15.343248835219242,34.23930195279996,18.099157,4.394408,46.0,14.656789883888178
Fresno,2018,11,10.212743365371068,20.371888951448305,14.097305,3.3047009,46.0,8.688868188708247
Fresno,2018,12,5.573444510492038,11.200262983649376,5.605468,1.9801707,46.0,4.890050153511372
Fresno,2018,1,7.59460827464153,,,,,
Fresno,2018,2,6.370824439919431,,,,,
Fresno,2018,3,7.852293148922911,,,,,
Fresno,2018,4,12.960991493030122,19.090009962344276,8.237858,3.4522183,47.0,11.148379905834364
Fresno,2018,5,16.308109935850325,34.50176722467058,15.875668,2.1135666,47.0,15.634527908564628
Fresno,2018,6,22.03474855826954,30.129983226077794,12.811485,5.0805326,47.0,20.230983178453634
Fresno,2018,7,26.48462096705111,49.460201963545785,22.14976,2.5782847,47.0,23.6462897093963
Fresno,2018,8,24.23737309990707,39.71227441282217,20.051092,4.6971827,47.0,22.925582188670894
Fresno,2018,9,21.128174709620964,34.71901503033671,12.410023,6.343648,47.0,19.992390875716506
Fresno,2018,10,15.343248835219242,33.570038645785004,18.099157,4.394408,47.0,14.656789883888178
Fresno,2018,11,10.212743365371068,22.225404572374465,14.097305,3.3047009,47.0,8.688868188708247
Fresno,2018,12,5.573444510492038,7.703175209404234,5.605468,1.9801707,47.0,4.890050153511372
Fresno,2018,1,7.59460827464153,,,,,
Fresno,2018,2,6.370824439919431,,,,,
Fresno,2018,3,7.852293148922911,,,,,
Fresno,2018,4,12.960991493030122,15.587269038852018,8.237858,3.4522183,48.0,11.148379905834364
Fresno,2018,5,16.308109935850325,31.560546142218165,15.875668,2.1135666,48.0,15.634527908564628
Fresno,2018,6,22.03474855826954,31.102733778323305,12.811485,5.0805326,48.0,20.230983178453634
Fresno,2018,7,26.48462096705111,46.658511173413046,22.14976,2.5782847,48.0,23.6462897093963
Fresno,2018,8,24.23737309990707,36.912424183485165,20.051092,4.6971827,48.0,22.925582188670894
Fresno,2018,9,21.128174709620964,26.677814321188052,12.410023,6.343648,48.0,19.992390875716506
Fresno,2018,10,15.343248835219242,28.415542506681426,18.099157,4.394408,48.0,14.656789883888178
Fresno,2018,11,10.212743365371068,23.969256329945235,14.097305,3.3047009,48.0,8.688868188708247
Fresno,2018,12,5.573444510492038,12.06810579943271,5.605468,1.9801707,48.0,4.890050153511372
Fresno,2018,1,7.59460827464153,,,,,
Fresno,2018,2,6.370824439919431,,,,,
Fresno,2018,3,7.852293148922911,,,,,
Fresno,2018,4,12.960991493030122,14.92439428823569,8.237858,3.4522183,49.0,11.148379905834364
Fresno,2018,5,16.308109935850325,27.66721615399254,15.875668,2.1135666,49.0,15.634527908564628
Fresno,2018,6,22.03474855826954,42.47458520040304,12.811485,5.0805326,49.0,20.230983178453634
Fresno,2018,7,26.48462096705111,43.9293573893106,22.14976,2.5782847,49.0,23.6462897093963
Fresno,2018,8,24.23737309990707,39.086467551856686,20.051092,4.6971827,49.0,22.925582188670894
Fresno,2018,9,21.128174709620964,23.424605399560612,12.410023,6.343648,49.0,19.992390875716506
Fresno,2018,10,15.343248835219242,28.44476882943553,18.099157,4.394408,49.0,14.656789883888178
Fresno,2018,11,10.212743365371068,17.44871792697581,14.097305,3.3047009,49.0,8.688868188708247
Fresno,2018,12,5.573444510492038,12.906183799931242,5.605468,1.9801707,49.0,4.890050153511372
Fresno,2018,1,7.59460827464153,,,,,
Fresno,2018,2,6.370824439919431,,,,,
Fresno,2018,3,7.852293148922911,,,,,
Fresno,2018,4,12.960991493030122,24.861334216209503,8.237858,3.4522183,50.0,11.148379905834364
Fresno,2018,5,16.308109935850325,29.52600575708751,15.875668,2.1135666,50.0,15.634527908564628
Fresno,2018,6,22.03474855826954,33.98098965328414,12.811485,5.0805326,50.0,20.230983178453634
Fresno,2018,7,26.48462096705111,48.896032301761565,22.14976,2.5782847,50.0,23.6462897093963
Fresno,2018,8,24.23737309990707,46.801572834990566,20.051092,4.6971827,50.0,22.925582188670894
Fresno,2018,9,21.128174709620964,33.01101235693773,12.410023,6.343648,50.0,19.992390875716506
Fresno,2018,10,15.343248835219242,29.987382359019,18.099157,4.394408,50.0,14.656789883888178
Fresno,2018,11,10.212743365371068,15.025314191393239,14.097305,3.3047009,50.0,8.688868188708247
Fresno,2018,12,5.573444510492038,12.112569526478858,5.605468,1.9801707,50.0,4.890050153511372
Fresno,2018,1,7.59460827464153,,,,,
Fresno,2018,2,6.370824439919431,,,,,
Fresno,2018,3,7.852293148922911,,,,,
Fresno,2018,4,12.960991493030122,19.05547467315835,8.237858,3.4522183,51.0,11.148379905834364
Fresno,2018,5,16.308109935850325,29.987163058775145,15.875668,2.1135666,51.0,15.634527908564628
Fresno,2018,6,22.03474855826954,32.20176901821286,12.811485,5.0805326,51.0,20.230983178453634
Fresno,2018,7,26.48462096705111,41.317797786328285,22.14976,2.5782847,51.0,23.6462897093963
Fresno,2018,8,24.23737309990707,45.09847428010359,20.051092,4.6971827,51.0,22.925582188670894
Fresno,2018,9,21.128174709620964,33.136051033504216,12.410023,6.343648,51.0,19.992390875716506
Fresno,2018,10,15.343248835219242,23.74681463528073,18.099157,4.394408,51.0,14.656789883888178
Fresno,2018,11,10.212743365371068,24.888329403353907,14.097305,3.3047009,51.0,8.688868188708247
Fresno,2018,12,5.573444510492038,12.135850721624113,5.605468,1.9801707,51.0,4.890050153511372
Fresno,2018,1,7.59460827464153,,,,,
Fresno,2018,2,6.370824439919431,,,,,
Fresno,2018,3,7.852293148922911,,,,,
Fresno,2018,4,12.960991493030122,13.303814395933303,8.237858,3.4522183,52.0,11.148379905834364
Fresno,2018,5,16.308109935850325,30.520808492656577,15.875668,2.1135666,52.0,15.634527908564628
Fresno,2018,6,22.03474855826954,27.984141480064068,12.811485,5.0805326,52.0,20.230983178453634
Fresno,2018,7,26.48462096705111,45.847155448623326,22.14976,2.5782847,52.0,23.6462897093963
Fresno,2018,8,24.23737309990707,39.663437836072205,20.051092,4.6971827,52.0,22.925582188670894
Fresno,2018,9,21.128174709620964,30.532427790672266,12.410023,6.343648,52.0,19.992390875716506
Fresno,2018,10,15.343248835219242,34.38919217917084,18.099157,4.394408,52.0,14.656789883888178
Fresno,2018,11,10.212743365371068,28.109385419737443,14.097305,3.3047009,52.0,8.688868188708247
Fresno,2018,12,5.573444510492038,13.44263607701108,5.605468,1.9801707,52.0,4.890050153511372
Fresno,2018,1,7.59460827464153,,,,,
Fresno,2018,2,6.370824439919431,,,,,
Fresno,2018,3,7.852293148922911,,,,,
Fresno,2018,4,12.960991493030122,12.9999529622691,8.237858,3.4522183,53.0,11.148379905834364
Fresno,2018,5,16.308109935850325,33.88312654222197,15.875668,2.1135666,53.0,15.634527908564628
Fresno,2018,6,22.03474855826954,36.038720742746705,12.811485,5.0805326,53.0,20.230983178453634
Fresno,2018,7,26.48462096705111,40.79512012269202,22.14976,2.5782847,53.0,23.6462897093963
Fresno,2018,8,24.23737309990707,41.53693987095783,20.051092,4.6971827,53.0,22.925582188670894
Fresno,2018,9,21.128174709620964,35.99959695035999,12.410023,6.343648,53.0,19.992390875716506
Fresno,2018,10,15.343248835219242,35.51815552332537,18.099157,4.394408,53.0,14.656789883888178
Fresno,2018,11,10.212743365371068,27.098554054105563,14.097305,3.3047009,53.0,8.688868188708247
Fresno,2018,12,5.573444510492038,7.565302382650296,5.605468,1.9801707,53.0,4.890050153511372
Fresno,2018,1,7.59460827464153,,,,,
Fresno,2018,2,6.370824439919431,,,,,
Fresno,2018,3,7.852293148922911,,,,,
Fresno,2018,4,12.960991493030122,19.563574610255074,8.237858,3.4522183,54.0,11.148379905834364
Fresno,2018,5,16.308109935850325,31.638495862190176,15.875668,2.1135666,54.0,15.634527908564628
Fresno,2018,6,22.03474855826954,31.107649967385633,12.811485,5.0805326,54.0,20.230983178453634
Fresno,2018,7,26.48462096705111,50.228634639197026,22.14976,2.5782847,54.0,23.6462897093963
Fresno,2018,8,24.23737309990707,34.57462031842154,20.051092,4.6971827,54.0,22.925582188670894
Fresno,2018,9,21.128174709620964,28.480324392201453,12.410023,6.343648,54.0,19.992390875716506
Fresno,2018,10,15.343248835219242,32.16725669209906,18.099157,4.394408,54.0,14.656789883888178
Fresno,2018,11,10.212743365371068,20.92306266822995,14.097305,3.3047009,54.0,8.688868188708247
Fresno,2018,12,5.573444510492038,13.090050434406468,5.605468,1.9801707,54.0,4.890050153511372
Fresno,2018,1,7.59460827464153,,,,,
Fresno,2018,2,6.370824439919431,,,,,
Fresno,2018,3,7.852293148922911,,,,,
Fresno,2018,4,12.960991493030122,16.22553458631615,8.237858,3.4522183,55.0,11.148379905834364
Fresno,2018,5,16.308109935850325,31.59417222813154,15.875668,2.1135666,55.0,15.634527908564628
Fresno,2018,6,22.03474855826954,32.9078415586857,12.811485,5.0805326,55.0,20.230983178453634
Fresno,2018,7,26.48462096705111,45.630906977060924,22.14976,2.5782847,55.0,23.6462897093963
Fresno,2018,8,24.23737309990707,35.75127023716212,20.051092,4.6971827,55.0,22.925582188670894
Fresno,2018,9,21.128174709620964,38.95227919721576,12.410023,6.343648,55.0,19.992390875716506
Fresno,2018,10,15.343248835219242,37.49442462512555,18.099157,4.394408,55.0,14.656789883888178
Fresno,2018,11,10.212743365371068,25.23013956913399,14.097305,3.3047009,55.0,8.688868188708247
Fresno,2018,12,5.573444510492038,9.235871223868564,5.605468,1.9801707,55.0,4.890050153511372
Fresno,2018,1,7.59460827464153,,,,,
Fresno,2018,2,6.370824439919431,,,,,
Fresno,2018,3,7.852293148922911,,,,,
Fresno,2018,4,12.960991493030122,19.61398020399911,8.237858,3.4522183,56.0,11.148379905834364
Fresno,2018,5,16.308109935850325,31.119924119159002,15.875668,2.1135666,56.0,15.634527908564628
Fresno,2018,6,22.03474855826954,32.8173933881042,12.811485,5.0805326,56.0,20.230983178453634
Fresno,2018,7,26.48462096705111,45.042663587501764,22.14976,2.5782847,56.0,23.6462897093963
Fresno,2018,8,24.23737309990707,45.571945861955946,20.051092,4.6971827,56.0,22.925582188670894
Fresno,2018,9,21.128174709620964,23.7762406346203,12.410023,6.343648,56.0,19.992390875716506
Fresno,2018,10,15.343248835219242,31.322568121351402,18.099157,4.394408,56.0,14.656789883888178
Fresno,2018,11,10.212743365371068,23.963600161354787,14.097305,3.3047009,56.0,8.688868188708247
Fresno,2018,12,5.573444510492038,7.6092911658541365,5.605468,1.9801707,56.0,4.890050153511372
Fresno,2018,1,7.59460827464153,,,,,
Fresno,2018,2,6.370824439919431,,,,,
Fresno,2018,3,7.852293148922911,,,,,
Fresno,2018,4,12.960991493030122,21.002909730033657,8.237858,3.4522183,57.0,11.148379905834364
Fresno,2018,5,16.308109935850325,31.705699760687136,15.875668,2.1135666,57.0,15.634527908564628
Fresno,2018,6,22.03474855826954,26.410009183759723,12.811485,5.0805326,57.0,20.230983178453634
Fresno,2018,7,26.48462096705111,50.31678545306443,22.14976,2.5782847,57.0,23.6462897093963
Fresno,2018,8,24.23737309990707,32.06555023935817,20.051092,4.6971827,57.0,22.925582188670894
Fresno,2018,9,21.128174709620964,23.724944187738508,12.410023,6.343648,57.0,19.992390875716506
Fresno,2018,10,15.343248835219242,35.716845150260816,18.099157,4.394408,57.0,14.656789883888178
Fresno,2018,11,10.212743365371068,27.011922945574426,14.097305,3.3047009,57.0,8.688868188708247
Fresno,2018,12,5.573444510492038,10.355097150362383,5.605468,1.9801707,57.0,4.890050153511372
Fresno,2018,1,7.59460827464153,,,,,
Fresno,2018,2,6.370824439919431,,,,,
Fresno,2018,3,7.852293148922911,,,,,
Fresno,2018,4,12.960991493030122,21.29365065041405,8.237858,3.4522183,58.0,11.148379905834364
Fresno,2018,5,16.308109935850325,30.140100345759862,15.875668,2.1135666,58.0,15.634527908564628
Fresno,2018,6,22.03474855826954,31.844030013387094,12.811485,5.0805326,58.0,20.230983178453634
Fresno,2018,7,26.48462096705111,45.88369893023487,22.14976,2.5782847,58.0,23.6462897093963
Fresno,2018,8,24.23737309990707,39.63596041551037,20.051092,4.6971827,58.0,22.925582188670894
Fresno,2018,9,21.128174709620964,28.26216960744664,12.410023,6.343648,58.0,19.992390875716506
Fresno,2018,10,15.343248835219242,37.49597214568071,18.099157,4.394408,58.0,14.656789883888178
Fresno,2018,11,10.212743365371068,28.06571119657646,14.097305,3.3047009,58.0,8.688868188708247
Fresno,2018,12,5.573444510492038,10.287023844938165,5.605468,1.9801707,58.0,4.890050153511372
Fresno,2018,1,7.59460827464153,,,,,
Fresno,2018,2,6.370824439919431,,,,,
Fresno,2018,3,7.852293148922911,,,,,
Fresno,2018,4,12.960991493030122,19.662216225948352,8.237858,3.4522183,59.0,11.148379905834364
Fresno,2018,5,16.308109935850325,31.579891197009744,15.875668,2.1135666,59.0,15.634527908564628
Fresno,2018,6,22.03474855826954,38.35044057867036,12.811485,5.0805326,59.0,20.230983178453634
Fresno,2018,7,26.48462096705111,45.932984946725284,22.14976,2.5782847,59.0,23.6462897093963
Fresno,2018,8,24.23737309990707,42.740063824379874,20.051092,4.6971827,59.0,22.925582188670894
Fresno,2018,9,21.128174709620964,26.6268622419806,12.410023,6.343648,59.0,19.992390875716506
Fresno,2018,10,15.343248835219242,36.97188070686516,18.099157,4.394408,59.0,14.656789883888178
Fresno,2018,11,10.212743365371068,22.255090445621747,14.097305,3.3047009,59.0,8.688868188708247
Fresno,2018,12,5.573444510492038,7.90869250396495,5.605468,1.9801707,59.0,4.890050153511372
Fresno,2018,1,7.59460827464153,,,,,
Fresno,2018,2,6.370824439919431,,,,,
Fresno,2018,3,7.852293148922911,,,,,
Fresno,2018,4,12.960991493030122,26.527118411922764,8.237858,3.4522183,60.0,11.148379905834364
Fresno,2018,5,16.308109935850325,31.595908154672177,15.875668,2.1135666,60.0,15.634527908564628
Fresno,2018,6,22.03474855826954,34.40028366454235,12.811485,5.0805326,60.0,20.230983178453634
Fresno,2018,7,26.48462096705111,45.245831750741424,22.14976,2.5782847,60.0,23.6462897093963
Fresno,2018,8,24.23737309990707,44.90342573731779,20.051092,4.6971827,60.0,22.925582188670894
Fresno,2018,9,21.128174709620964,45.49435457989556,12.410023,6.343648,60.0,19.992390875716506
Fresno,2018,10,15.343248835219242,32.1640859060294,18.099157,4.394408,60.0,14.656789883888178
Fresno,2018,11,10.212743365371068,18.30802999943956,14.097305,3.3047009,60.0,8.688868188708247
Fresno,2018,12,5.573444510492038,10.961305840112573,5.605468,1.9801707,60.0,4.890050153511372
Fresno,2018,1,7.59460827464153,,,,,
Fresno,2018,2,6.370824439919431,,,,,
Fresno,2018,3,7.852293148922911,,,,,
Fresno,2018,4,12.960991493030122,22.15849273188247,8.237858,3.4522183,61.0,11.148379905834364
Fresno,2018,5,16.308109935850325,29.113905519920092,15.875668,2.1135666,61.0,15.634527908564628
Fresno,2018,6,22.03474855826954,31.572507559878694,12.811485,5.0805326,61.0,20.230983178453634
Fresno,2018,7,26.48462096705111,47.52685981277462,22.14976,2.5782847,61.0,23.6462897093963
Fresno,2018,8,24.23737309990707,39.355269654397404,20.051092,4.6971827,61.0,22.925582188670894
Fresno,2018,9,21.128174709620964,40.433751273719466,12.410023,6.343648,61.0,19.992390875716506
Fresno,2018,10,15.343248835219242,31.278567101430177,18.099157,4.394408,61.0,14.656789883888178
Fresno,2018,11,10.212743365371068,21.454609696984868,14.097305,3.3047009,61.0,8.688868188708247
Fresno,2018,12,5.573444510492038,9.60357526565621,5.605468,1.9801707,61.0,4.890050153511372
Fresno,2018,1,7.59460827464153,,,,,
Fresno,2018,2,6.370824439919431,,,,,
Fresno,2018,3,7.852293148922911,,,,,
Fresno,2018,4,12.960991493030122,21.900990018677,8.237858,3.4522183,62.0,11.148379905834364
Fresno,2018,5,16.308109935850325,32.53064124283175,15.875668,2.1135666,62.0,15.634527908564628
Fresno,2018,6,22.03474855826954,30.255448304073223,12.811485,5.0805326,62.0,20.230983178453634
Fresno,2018,7,26.48462096705111,47.66217193736686,22.14976,2.5782847,62.0,23.6462897093963
Fresno,2018,8,24.23737309990707,39.32976558864912,20.051092,4.6971827,62.0,22.925582188670894
Fresno,2018,9,21.128174709620964,35.64585228791785,12.410023,6.343648,62.0,19.992390875716506
Fresno,2018,10,15.343248835219242,33.206103649126035,18.099157,4.394408,62.0,14.656789883888178
Fresno,2018,11,10.212743365371068,25.482391556730747,14.097305,3.3047009,62.0,8.688868188708247
Fresno,2018,12,5.573444510492038,9.89067888244775,5.605468,1.9801707,62.0,4.890050153511372
Fresno,2018,1,7.59460827464153,,,,,
Fresno,2018,2,6.370824439919431,,,,,
Fresno,2018,3,7.852293148922911,,,,,
Fresno,2018,4,12.960991493030122,17.724800785541753,8.237858,3.4522183,63.0,11.148379905834364
Fresno,2018,5,16.308109935850325,30.443522452203375,15.875668,2.1135666,63.0,15.634527908564628
Fresno,2018,6,22.03474855826954,35.44647770660311,12.811485,5.0805326,63.0,20.230983178453634
Fresno,2018,7,26.48462096705111,43.4944459480285,22.14976,2.5782847,63.0,23.6462897093963
Fresno,2018,8,24.23737309990707,46.71937386041128,20.051092,4.6971827,63.0,22.925582188670894
Fresno,2018,9,21.128174709620964,28.168975657975285,12.410023,6.343648,63.0,19.992390875716506
Fresno,2018,10,15.343248835219242,33.682615863493794,18.099157,4.394408,63.0,14.656789883888178
Fresno,2018,11,10.212743365371068,15.929490762500295,14.097305,3.3047009,63.0,8.688868188708247
Fresno,2018,12,5.573444510492038,10.666939093173793,5.605468,1.9801707,63.0,4.890050153511372
Fresno,2018,1,7.59460827464153,,,,,
Fresno,2018,2,6.370824439919431,,,,,
Fresno,2018,3,7.852293148922911,,,,,
Fresno,2018,4,12.960991493030122,21.65904987442765,8.237858,3.4522183,64.0,11.148379905834364
Fresno,2018,5,16.308109935850325,35.914948047656466,15.875668,2.1135666,64.0,15.634527908564628
Fresno,2018,6,22.03474855826954,34.497050772009956,12.811485,5.0805326,64.0,20.230983178453634
Fresno,2018,7,26.48462096705111,45.14659398543142,22.14976,2.5782847,64.0,23.6462897093963
Fresno,2018,8,24.23737309990707,45.78090622156985,20.051092,4.6971827,64.0,22.925582188670894
Fresno,2018,9,21.128174709620964,28.120130434490186,12.410023,6.343648,64.0,19.992390875716506
Fresno,2018,10,15.343248835219242,36.945813757313736,18.099157,4.394408,64.0,14.656789883888178
Fresno,2018,11,10.212743365371068,22.821779188083532,14.097305,3.3047009,64.0,8.688868188708247
Fresno,2018,12,5.573444510492038,7.938721105491634,5.605468,1.9801707,64.0,4.890050153511372
Fresno,2018,1,7.59460827464153,,,,,
Fresno,2018,2,6.370824439919431,,,,,
Fresno,2018,3,7.852293148922911,,,,,
Fresno,2018,4,12.960991493030122,17.36852333508399,8.237858,3.4522183,65.0,11.148379905834364
Fresno,2018,5,16.308109935850325,28.4497376703427,15.875668,2.1135666,65.0,15.634527908564628
Fresno,2018,6,22.03474855826954,31.61123558493055,12.811485,5.0805326,65.0,20.230983178453634
Fresno,2018,7,26.48462096705111,49.436483995984524,22.14976,2.5782847,65.0,23.6462897093963
Fresno,2018,8,24.23737309990707,42.509914602481395,20.051092,4.6971827,65.0,22.925582188670894
Fresno,2018,9,21.128174709620964,37.51751919268571,12.410023,6.343648,65.0,19.992390875716506
Fresno,2018,10,15.343248835219242,20.83301768333479,18.099157,4.394408,65.0,14.656789883888178
Fresno,2018,11,10.212743365371068,25.186462292006773,14.097305,3.3047009,65.0,8.688868188708247
Fresno,2018,12,5.573444510492038,7.9956178994261595,5.605468,1.9801707,65.0,4.890050153511372
Fresno,2018,1,7.59460827464153,,,,,
Fresno,2018,2,6.370824439919431,,,,,
Fresno,2018,3,7.852293148922911,,,,,
Fresno,2018,4,12.960991493030122,18.980167163377892,8.237858,3.4522183,66.0,11.148379905834364
Fresno,2018,5,16.308109935850325,30.96525496003524,15.875668,2.1135666,66.0,15.634527908564628
Fresno,2018,6,22.03474855826954,27.226847536474725,12.811485,5.0805326,66.0,20.230983178453634
Fresno,2018,7,26.48462096705111,46.98226181068762,22.14976,2.5782847,66.0,23.6462897093963
Fresno,2018,8,24.23737309990707,44.3808721358889,20.051092,4.6971827,66.0,22.925582188670894
Fresno,2018,9,21.128174709620964,40.946644755527785,12.410023,6.343648,66.0,19.992390875716506
Fresno,2018,10,15.343248835219242,37.14669141216585,18.099157,4.394408,66.0,14.656789883888178
Fresno,2018,11,10.212743365371068,28.372127205759945,14.097305,3.3047009,66.0,8.688868188708247
Fresno,2018,12,5.573444510492038,12.452927871977678,5.605468,1.9801707,66.0,4.890050153511372
Fresno,2018,1,7.59460827464153,,,,,
Fresno,2018,2,6.370824439919431,,,,,
Fresno,2018,3,7.852293148922911,,,,,
Fresno,2018,4,12.960991493030122,24.372020189414574,8.237858,3.4522183,67.0,11.148379905834364
Fresno,2018,5,16.308109935850325,30.525009096498987,15.875668,2.1135666,67.0,15.634527908564628
Fresno,2018,6,22.03474855826954,43.411497326264595,12.811485,5.0805326,67.0,20.230983178453634
Fresno,2018,7,26.48462096705111,43.086553033570794,22.14976,2.5782847,67.0,23.6462897093963
Fresno,2018,8,24.23737309990707,40.726730160198,20.051092,4.6971827,67.0,22.925582188670894
Fresno,2018,9,21.128174709620964,33.263282377390496,12.410023,6.343648,67.0,19.992390875716506
Fresno,2018,10,15.343248835219242,32.56113917669052,18.099157,4.394408,67.0,14.656789883888178
Fresno,2018,11,10.212743365371068,19.290221088303905,14.097305,3.3047009,67.0,8.688868188708247
Fresno,2018,12,5.573444510492038,8.609314653860672,5.605468,1.9801707,67.0,4.890050153511372
Fresno,2018,1,7.59460827464153,,,,,
Fresno,2018,2,6.370824439919431,,,,,
Fresno,2018,3,7.852293148922911,,,,,
Fresno,2018,4,12.960991493030122,17.924999832150867,8.237858,3.4522183,68.0,11.148379905834364
Fresno,2018,5,16.308109935850325,27.086616354224383,15.875668,2.1135666,68.0,15.634527908564628
Fresno,2018,6,22.03474855826954,44.10437332755453,12.811485,5.0805326,68.0,20.230983178453634
Fresno,2018,7,26.48462096705111,45.50010013549006,22.14976,2.5782847,68.0,23.6462897093963
Fresno,2018,8,24.23737309990707,38.673899595360275,20.051092,4.6971827,68.0,22.925582188670894
Fresno,2018,9,21.128174709620964,21.21758910131778,12.410023,6.343648,68.0,19.992390875716506
Fresno,2018,10,15.343248835219242,33.17520909314353,18.099157,4.394408,68.0,14.656789883888178
Fresno,2018,11,10.212743365371068,18.89985391659161,14.097305,3.3047009,68.0,8.688868188708247
Fresno,2018,12,5.573444510492038,13.579097425634984,5.605468,1.9801707,68.0,4.890050153511372
Fresno,2018,1,7.59460827464153,,,,,
Fresno,2018,2,6.370824439919431,,,,,
Fresno,2018,3,7.852293148922911,,,,,
Fresno,2018,4,12.960991493030122,19.217958395007408,8.237858,3.4522183,69.0,11.148379905834364
Fresno,2018,5,16.308109935850325,31.982442491793677,15.875668,2.1135666,69.0,15.634527908564628
Fresno,2018,6,22.03474855826954,35.10759177572035,12.811485,5.0805326,69.0,20.230983178453634
Fresno,2018,7,26.48462096705111,47.46364137280915,22.14976,2.5782847,69.0,23.6462897093963
Fresno,2018,8,24.23737309990707,46.734918964310424,20.051092,4.6971827,69.0,22.925582188670894
Fresno,2018,9,21.128174709620964,37.09286417138637,12.410023,6.343648,69.0,19.992390875716506
Fresno,2018,10,15.343248835219242,27.020566151134318,18.099157,4.394408,69.0,14.656789883888178
Fresno,2018,11,10.212743365371068,19.872040583502393,14.097305,3.3047009,69.0,8.688868188708247
Fresno,2018,12,5.573444510492038,13.991211323335058,5.605468,1.9801707,69.0,4.890050153511372
Fresno,2018,1,7.59460827464153,,,,,
Fresno,2018,2,6.370824439919431,,,,,
Fresno,2018,3,7.852293148922911,,,,,
Fresno,2018,4,12.960991493030122,20.669389224558344,8.237858,3.4522183,70.0,11.148379905834364
Fresno,2018,5,16.308109935850325,33.524710452439805,15.875668,2.1135666,70.0,15.634527908564628
Fresno,2018,6,22.03474855826954,35.53463322373671,12.811485,5.0805326,70.0,20.230983178453634
Fresno,2018,7,26.48462096705111,45.81095595003516,22.14976,2.5782847,70.0,23.6462897093963
Fresno,2018,8,24.23737309990707,46.85700282499641,20.051092,4.6971827,70.0,22.925582188670894
Fresno,2018,9,21.128174709620964,40.98010086899119,12.410023,6.343648,70.0,19.992390875716506
Fresno,2018,10,15.343248835219242,34.176055268197665,18.099157,4.394408,70.0,14.656789883888178
Fresno,2018,11,10.212743365371068,24.779663601898818,14.097305,3.3047009,70.0,8.688868188708247
Fresno,2018,12,5.573444510492038,14.153239419710989,5.605468,1.9801707,70.0,4.890050153511372
Fresno,2018,1,7.59460827464153,,,,,
Fresno,2018,2,6.370824439919431,,,,,
Fresno,2018,3,7.852293148922911,,,,,
Fresno,2018,4,12.960991493030122,15.80870219885092,8.237858,3.4522183,71.0,11.148379905834364
Fresno,2018,5,16.308109935850325,32.715752359390756,15.875668,2.1135666,71.0,15.634527908564628
Fresno,2018,6,22.03474855826954,30.504211897415882,12.811485,5.0805326,71.0,20.230983178453634
Fresno,2018,7,26.48462096705111,46.08036617162399,22.14976,2.5782847,71.0,23.6462897093963
Fresno,2018,8,24.23737309990707,40.10972681372793,20.051092,4.6971827,71.0,22.925582188670894
Fresno,2018,9,21.128174709620964,44.28661450161731,12.410023,6.343648,71.0,19.992390875716506
Fresno,2018,10,15.343248835219242,27.51498340954572,18.099157,4.394408,71.0,14.656789883888178
Fresno,2018,11,10.212743365371068,32.31483671253182,14.097305,3.3047009,71.0,8.688868188708247
Fresno,2018,12,5.573444510492038,12.349109412360132,5.605468,1.9801707,71.0,4.890050153511372
Fresno,2018,1,7.59460827464153,,,,,
Fresno,2018,2,6.370824439919431,,,,,
Fresno,2018,3,7.852293148922911,,,,,
Fresno,2018,4,12.960991493030122,20.033779934799764,8.237858,3.4522183,72.0,11.148379905834364
Fresno,2018,5,16.308109935850325,31.869714610294995,15.875668,2.1135666,72.0,15.634527908564628
Fresno,2018,6,22.03474855826954,34.52623038393918,12.811485,5.0805326,72.0,20.230983178453634
Fresno,2018,7,26.48462096705111,47.826950984456914,22.14976,2.5782847,72.0,23.6462897093963
Fresno,2018,8,24.23737309990707,42.9511763566594,20.051092,4.6971827,72.0,22.925582188670894
Fresno,2018,9,21.128174709620964,23.91532491565934,12.410023,6.343648,72.0,19.992390875716506
Fresno,2018,10,15.343248835219242,29.363365730092234,18.099157,4.394408,72.0,14.656789883888178
Fresno,2018,11,10.212743365371068,25.690272552392564,14.097305,3.3047009,72.0,8.688868188708247
Fresno,2018,12,5.573444510492038,8.743981291491494,5.605468,1.9801707,72.0,4.890050153511372
Fresno,2018,1,7.59460827464153,,,,,
Fresno,2018,2,6.370824439919431,,,,,
Fresno,2018,3,7.852293148922911,,,,,
Fresno,2018,4,12.960991493030122,19.41387824169734,8.237858,3.4522183,73.0,11.148379905834364
Fresno,2018,5,16.308109935850325,33.285141367882744,15.875668,2.1135666,73.0,15.634527908564628
Fresno,2018,6,22.03474855826954,32.755722149032366,12.811485,5.0805326,73.0,20.230983178453634
Fresno,2018,7,26.48462096705111,43.883906909921166,22.14976,2.5782847,73.0,23.6462897093963
Fresno,2018,8,24.23737309990707,42.0918225568287,20.051092,4.6971827,73.0,22.925582188670894
Fresno,2018,9,21.128174709620964,22.256935425266036,12.410023,6.343648,73.0,19.992390875716506
Fresno,2018,10,15.343248835219242,30.36063952082657,18.099157,4.394408,73.0,14.656789883888178
Fresno,2018,11,10.212743365371068,24.43585373861041,14.097305,3.3047009,73.0,8.688868188708247
Fresno,2018,12,5.573444510492038,13.621434282764877,5.605468,1.9801707,73.0,4.890050153511372
Fresno,2018,1,7.59460827464153,,,,,
Fresno,2018,2,6.370824439919431,,,,,
Fresno,2018,3,7.852293148922911,,,,,
Fresno,2018,4,12.960991493030122,17.92497814120725,8.237858,3.4522183,74.0,11.148379905834364
Fresno,2018,5,16.308109935850325,30.12790481630493,15.875668,2.1135666,74.0,15.634527908564628
Fresno,2018,6,22.03474855826954,36.823580371361494,12.811485,5.0805326,74.0,20.230983178453634
Fresno,2018,7,26.48462096705111,48.768080661008604,22.14976,2.5782847,74.0,23.6462897093963
Fresno,2018,8,24.23737309990707,45.474779196486054,20.051092,4.6971827,74.0,22.925582188670894
Fresno,2018,9,21.128174709620964,23.953984272517832,12.410023,6.343648,74.0,19.992390875716506
Fresno,2018,10,15.343248835219242,29.665891450693643,18.099157,4.394408,74.0,14.656789883888178
Fresno,2018,11,10.212743365371068,22.541091988853353,14.097305,3.3047009,74.0,8.688868188708247
Fresno,2018,12,5.573444510492038,8.816678916096492,5.605468,1.9801707,74.0,4.890050153511372
Fresno,2018,1,7.59460827464153,,,,,
Fresno,2018,2,6.370824439919431,,,,,
Fresno,2018,3,7.852293148922911,,,,,
Fresno,2018,4,12.960991493030122,16.952283502638608,8.237858,3.4522183,75.0,11.148379905834364
Fresno,2018,5,16.308109935850325,31.449790393459306,15.875668,2.1135666,75.0,15.634527908564628
Fresno,2018,6,22.03474855826954,30.21616041379471,12.811485,5.0805326,75.0,20.230983178453634
Fresno,2018,7,26.48462096705111,42.427573615828734,22.14976,2.5782847,75.0,23.6462897093963
Fresno,2018,8,24.23737309990707,43.33836284037349,20.051092,4.6971827,75.0,22.925582188670894
Fresno,2018,9,21.128174709620964,39.6178528281938,12.410023,6.343648,75.0,19.992390875716506
Fresno,2018,10,15.343248835219242,26.71389174448297,18.099157,4.394408,75.0,14.656789883888178
Fresno,2018,11,10.212743365371068,19.830162323656587,14.097305,3.3047009,75.0,8.688868188708247
Fresno,2018,12,5.573444510492038,9.310595802379801,5.605468,1.9801707,75.0,4.890050153511372
Fresno,2018,1,7.59460827464153,,,,,
Fresno,2018,2,6.370824439919431,,,,,
Fresno,2018,3,7.852293148922911,,,,,
Fresno,2018,4,12.960991493030122,19.687361550321,8.237858,3.4522183,76.0,11.148379905834364
Fresno,2018,5,16.308109935850325,30.7076504983216,15.875668,2.1135666,76.0,15.634527908564628
Fresno,2018,6,22.03474855826954,29.321760205946163,12.811485,5.0805326,76.0,20.230983178453634
Fresno,2018,7,26.48462096705111,46.60046652310345,22.14976,2.5782847,76.0,23.6462897093963
Fresno,2018,8,24.23737309990707,40.38616584785678,20.051092,4.6971827,76.0,22.925582188670894
Fresno,2018,9,21.128174709620964,34.183949567702754,12.410023,6.343648,76.0,19.992390875716506
Fresno,2018,10,15.343248835219242,29.9627717547895,18.099157,4.394408,76.0,14.656789883888178
Fresno,2018,11,10.212743365371068,24.424664090314284,14.097305,3.3047009,76.0,8.688868188708247
Fresno,2018,12,5.573444510492038,10.59243162739904,5.605468,1.9801707,76.0,4.890050153511372
Fresno,2018,1,7.59460827464153,,,,,
Fresno,2018,2,6.370824439919431,,,,,
Fresno,2018,3,7.852293148922911,,,,,
Fresno,2018,4,12.960991493030122,16.08893778975091,8.237858,3.4522183,77.0,11.148379905834364
Fresno,2018,5,16.308109935850325,32.075062631952285,15.875668,2.1135666,77.0,15.634527908564628
Fresno,2018,6,22.03474855826954,26.281630055757645,12.811485,5.0805326,77.0,20.230983178453634
Fresno,2018,7,26.48462096705111,44.409284382725055,22.14976,2.5782847,77.0,23.6462897093963
Fresno,2018,8,24.23737309990707,39.923128459189954,20.051092,4.6971827,77.0,22.925582188670894
Fresno,2018,9,21.128174709620964,29.278564562733106,12.410023,6.343648,77.0,19.992390875716506
Fresno,2018,10,15.343248835219242,33.47761281962193,18.099157,4.394408,77.0,14.656789883888178
Fresno,2018,11,10.212743365371068,23.68315767062544,14.097305,3.3047009,77.0,8.688868188708247
Fresno,2018,12,5.573444510492038,6.59737943688932,5.605468,1.9801707,77.0,4.890050153511372
Fresno,2018,1,7.59460827464153,,,,,
Fresno,2018,2,6.370824439919431,,,,,
Fresno,2018,3,7.852293148922911,,,,,
Fresno,2018,4,12.960991493030122,15.150964988208731,8.237858,3.4522183,78.0,11.148379905834364
Fresno,2018,5,16.308109935850325,30.593634530100534,15.875668,2.1135666,78.0,15.634527908564628
Fresno,2018,6,22.03474855826954,30.554655555095152,12.811485,5.0805326,78.0,20.230983178453634
Fresno,2018,7,26.48462096705111,44.89752536069329,22.14976,2.5782847,78.0,23.6462897093963
Fresno,2018,8,24.23737309990707,40.44724947453237,20.051092,4.6971827,78.0,22.925582188670894
Fresno,2018,9,21.128174709620964,34.153132883936884,12.410023,6.343648,78.0,19.992390875716506
Fresno,2018,10,15.343248835219242,31.51367960687997,18.099157,4.394408,78.0,14.656789883888178
Fresno,2018,11,10.212743365371068,26.243163469038834,14.097305,3.3047009,78.0,8.688868188708247
Fresno,2018,12,5.573444510492038,8.547898228575995,5.605468,1.9801707,78.0,4.890050153511372
Fresno,2018,1,7.59460827464153,,,,,
Fresno,2018,2,6.370824439919431,,,,,
Fresno,2018,3,7.852293148922911,,,,,
Fresno,2018,4,12.960991493030122,20.78893975032843,8.237858,3.4522183,79.0,11.148379905834364
Fresno,2018,5,16.308109935850325,33.95086369790982,15.875668,2.1135666,79.0,15.634527908564628
Fresno,2018,6,22.03474855826954,30.28155307251764,12.811485,5.0805326,79.0,20.230983178453634
Fresno,2018,7,26.48462096705111,40.14915008842566,22.14976,2.5782847,79.0,23.6462897093963
Fresno,2018,8,24.23737309990707,47.08266729980801,20.051092,4.6971827,79.0,22.925582188670894
Fresno,2018,9,21.128174709620964,26.931799356917026,12.410023,6.343648,79.0,19.992390875716506
Fresno,2018,10,15.343248835219242,27.243423747263897,18.099157,4.394408,79.0,14.656789883888178
Fresno,2018,11,10.212743365371068,27.571521981694765,14.097305,3.3047009,79.0,8.688868188708247
Fresno,2018,12,5.573444510492038,8.965398422581256,5.605468,1.9801707,79.0,4.890050153511372
Fresno,2018,1,7.59460827464153,,,,,
Fresno,2018,2,6.370824439919431,,,,,
Fresno,2018,3,7.852293148922911,,,,,
Fresno,2018,4,12.960991493030122,19.307525424853438,8.237858,3.4522183,80.0,11.148379905834364
Fresno,2018,5,16.308109935850325,32.58885128652442,15.875668,2.1135666,80.0,15.634527908564628
Fresno,2018,6,22.03474855826954,38.441631151722696,12.811485,5.0805326,80.0,20.230983178453634
Fresno,2018,7,26.48462096705111,43.79864227252327,22.14976,2.5782847,80.0,23.6462897093963
Fresno,2018,8,24.23737309990707,34.222341094048105,20.051092,4.6971827,80.0,22.925582188670894
Fresno,2018,9,21.128174709620964,34.05017072077286,12.410023,6.343648,80.0,19.992390875716506
Fresno,2018,10,15.343248835219242,35.90404359976422,18.099157,4.394408,80.0,14.656789883888178
Fresno,2018,11,10.212743365371068,18.878748599920968,14.097305,3.3047009,80.0,8.688868188708247
Fresno,2018,12,5.573444510492038,9.934523332756946,5.605468,1.9801707,80.0,4.890050153511372
Fresno,2018,1,7.59460827464153,,,,,
Fresno,2018,2,6.370824439919431,,,,,
Fresno,2018,3,7.852293148922911,,,,,
Fresno,2018,4,12.960991493030122,15.63517178668966,8.237858,3.4522183,81.0,11.148379905834364
Fresno,2018,5,16.308109935850325,33.137941642217584,15.875668,2.1135666,81.0,15.634527908564628
Fresno,2018,6,22.03474855826954,37.218370469036,12.811485,5.0805326,81.0,20.230983178453634
Fresno,2018,7,26.48462096705111,45.8649966059555,22.14976,2.5782847,81.0,23.6462897093963
Fresno,2018,8,24.23737309990707,42.821319300223834,20.051092,4.6971827,81.0,22.925582188670894
Fresno,2018,9,21.128174709620964,21.11178205167912,12.410023,6.343648,81.0,19.992390875716506
Fresno,2018,10,15.343248835219242,32.867537684340974,18.099157,4.394408,81.0,14.656789883888178
Fresno,2018,11,10.212743365371068,19.995815776909723,14.097305,3.3047009,81.0,8.688868188708247
Fresno,2018,12,5.573444510492038,9.174130931385665,5.605468,1.9801707,81.0,4.890050153511372
Fresno,2018,1,7.59460827464153,,,,,
Fresno,2018,2,6.370824439919431,,,,,
Fresno,2018,3,7.852293148922911,,,,,
Fresno,2018,4,12.960991493030122,19.626329830673363,8.237858,3.4522183,82.0,11.148379905834364
Fresno,2018,5,16.308109935850325,27.84411990883794,15.875668,2.1135666,82.0,15.634527908564628
Fresno,2018,6,22.03474855826954,37.11106644711973,12.811485,5.0805326,82.0,20.230983178453634
Fresno,2018,7,26.48462096705111,45.59234478412623,22.14976,2.5782847,82.0,23.6462897093963
Fresno,2018,8,24.23737309990707,44.39130320008262,20.051092,4.6971827,82.0,22.925582188670894
Fresno,2018,9,21.128174709620964,37.66418954335754,12.410023,6.343648,82.0,19.992390875716506
Fresno,2018,10,15.343248835219242,35.621282757963826,18.099157,4.394408,82.0,14.656789883888178
Fresno,2018,11,10.212743365371068,20.504187367775888,14.097305,3.3047009,82.0,8.688868188708247
Fresno,2018,12,5.573444510492038,10.19004188855337,5.605468,1.9801707,82.0,4.890050153511372
Fresno,2018,1,7.59460827464153,,,,,
Fresno,2018,2,6.370824439919431,,,,,
Fresno,2018,3,7.852293148922911,,,,,
Fresno,2018,4,12.960991493030122,11.231716708822773,8.237858,3.4522183,83.0,11.148379905834364
Fresno,2018,5,16.308109935850325,29.39419649173261,15.875668,2.1135666,83.0,15.634527908564628
Fresno,2018,6,22.03474855826954,35.12340194791172,12.811485,5.0805326,83.0,20.230983178453634
Fresno,2018,7,26.48462096705111,47.92699636115418,22.14976,2.5782847,83.0,23.6462897093963
Fresno,2018,8,24.23737309990707,40.09596344421398,20.051092,4.6971827,83.0,22.925582188670894
Fresno,2018,9,21.128174709620964,38.117359586437345,12.410023,6.343648,83.0,19.992390875716506
Fresno,2018,10,15.343248835219242,27.80181205149761,18.099157,4.394408,83.0,14.656789883888178
Fresno,2018,11,10.212743365371068,16.03842714058156,14.097305,3.3047009,83.0,8.688868188708247
Fresno,2018,12,5.573444510492038,8.02144847148799,5.605468,1.9801707,83.0,4.890050153511372
Fresno,2018,1,7.59460827464153,,,,,
Fresno,2018,2,6.370824439919431,,,,,
Fresno,2018,3,7.852293148922911,,,,,
Fresno,2018,4,12.960991493030122,17.357483865230453,8.237858,3.4522183,84.0,11.148379905834364
Fresno,2018,5,16.308109935850325,31.497306421399585,15.875668,2.1135666,84.0,15.634527908564628
Fresno,2018,6,22.03474855826954,32.268585871796695,12.811485,5.0805326,84.0,20.230983178453634
Fresno,2018,7,26.48462096705111,51.04942210564473,22.14976,2.5782847,84.0,23.6462897093963
Fresno,2018,8,24.23737309990707,38.422729463391796,20.051092,4.6971827,84.0,22.925582188670894
Fresno,2018,9,21.128174709620964,27.419127801806937,12.410023,6.343648,84.0,19.992390875716506
Fresno,2018,10,15.343248835219242,28.41649548407267,18.099157,4.394408,84.0,14.656789883888178
Fresno,2018,11,10.212743365371068,19.027426892690883,14.097305,3.3047009,84.0,8.688868188708247
Fresno,2018,12,5.573444510492038,13.057724131677865,5.605468,1.9801707,84.0,4.890050153511372
Fresno,2018,1,7.59460827464153,,,,,
Fresno,2018,2,6.370824439919431,,,,,
Fresno,2018,3,7.852293148922911,,,,,
Fresno,2018,4,12.960991493030122,15.652712413655406,8.237858,3.4522183,85.0,11.148379905834364
Fresno,2018,5,16.308109935850325,29.740461199782303,15.875668,2.1135666,85.0,15.634527908564628
Fresno,2018,6,22.03474855826954,31.438225371539367,12.811485,5.0805326,85.0,20.230983178453634
Fresno,2018,7,26.48462096705111,44.96982651030582,22.14976,2.5782847,85.0,23.6462897093963
Fresno,2018,8,24.23737309990707,45.315835168473356,20.051092,4.6971827,85.0,22.925582188670894
Fresno,2018,9,21.128174709620964,29.697733707212645,12.410023,6.343648,85.0,19.992390875716506
Fresno,2018,10,15.343248835219242,28.2101086859462,18.099157,4.394408,85.0,14.656789883888178
Fresno,2018,11,10.212743365371068,24.894613927842364,14.097305,3.3047009,85.0,8.688868188708247
Fresno,2018,12,5.573444510492038,13.310198098113556,5.605468,1.9801707,85.0,4.890050153511372
Fresno,2018,1,7.59460827464153,,,,,
Fresno,2018,2,6.370824439919431,,,,,
Fresno,2018,3,7.852293148922911,,,,,
Fresno,2018,4,12.960991493030122,25.072006619481463,8.237858,3.4522183,86.0,11.148379905834364
Fresno,2018,5,16.308109935850325,29.5929884846243,15.875668,2.1135666,86.0,15.634527908564628
Fresno,2018,6,22.03474855826954,34.211533223446835,12.811485,5.0805326,86.0,20.230983178453634
Fresno,2018,7,26.48462096705111,49.52844696909126,22.14976,2.5782847,86.0,23.6462897093963
Fresno,2018,8,24.23737309990707,35.35934152293365,20.051092,4.6971827,86.0,22.925582188670894
Fresno,2018,9,21.128174709620964,18.860058577546475,12.410023,6.343648,86.0,19.992390875716506
Fresno,2018,10,15.343248835219242,30.589750065982564,18.099157,4.394408,86.0,14.656789883888178
Fresno,2018,11,10.212743365371068,28.370357739299507,14.097305,3.3047009,86.0,8.688868188708247
Fresno,2018,12,5.573444510492038,11.131629367227397,5.605468,1.9801707,86.0,4.890050153511372
Fresno,2018,1,7.59460827464153,,,,,
Fresno,2018,2,6.370824439919431,,,,,
Fresno,2018,3,7.852293148922911,,,,,
Fresno,2018,4,12.960991493030122,20.32457329160365,8.237858,3.4522183,87.0,11.148379905834364
Fresno,2018,5,16.308109935850325,35.16200165944133,15.875668,2.1135666,87.0,15.634527908564628
Fresno,2018,6,22.03474855826954,28.150185083810552,12.811485,5.0805326,87.0,20.230983178453634
Fresno,2018,7,26.48462096705111,47.52592639000588,22.14976,2.5782847,87.0,23.6462897093963
Fresno,2018,8,24.23737309990707,33.168795632278105,20.051092,4.6971827,87.0,22.925582188670894
Fresno,2018,9,21.128174709620964,25.824628275807115,12.410023,6.343648,87.0,19.992390875716506
Fresno,2018,10,15.343248835219242,29.46751880713419,18.099157,4.394408,87.0,14.656789883888178
Fresno,2018,11,10.212743365371068,23.155307317035785,14.097305,3.3047009,87.0,8.688868188708247
Fresno,2018,12,5.573444510492038,10.625970239621054,5.605468,1.9801707,87.0,4.890050153511372
Fresno,2018,1,7.59460827464153,,,,,
Fresno,2018,2,6.370824439919431,,,,,
Fresno,2018,3,7.852293148922911,,,,,
Fresno,2018,4,12.960991493030122,22.4840836911209,8.237858,3.4522183,88.0,11.148379905834364
Fresno,2018,5,16.308109935850325,31.61924948682055,15.875668,2.1135666,88.0,15.634527908564628
Fresno,2018,6,22.03474855826954,35.75834417355452,12.811485,5.0805326,88.0,20.230983178453634
Fresno,2018,7,26.48462096705111,47.009996073982805,22.14976,2.5782847,88.0,23.6462897093963
Fresno,2018,8,24.23737309990707,33.57185630985138,20.051092,4.6971827,88.0,22.925582188670894
Fresno,2018,9,21.128174709620964,29.56667866038925,12.410023,6.343648,88.0,19.992390875716506
Fresno,2018,10,15.343248835219242,28.726016607252276,18.099157,4.394408,88.0,14.656789883888178
Fresno,2018,11,10.212743365371068,27.607912045271874,14.097305,3.3047009,88.0,8.688868188708247
Fresno,2018,12,5.573444510492038,11.293364007307652,5.605468,1.9801707,88.0,4.890050153511372
Fresno,2018,1,7.59460827464153,,,,,
Fresno,2018,2,6.370824439919431,,,,,
Fresno,2018,3,7.852293148922911,,,,,
Fresno,2018,4,12.960991493030122,21.97964090062907,8.237858,3.4522183,89.0,11.148379905834364
Fresno,2018,5,16.308109935850325,28.64778288229673,15.875668,2.1135666,89.0,15.634527908564628
Fresno,2018,6,22.03474855826954,36.74474228717038,12.811485,5.0805326,89.0,20.230983178453634
Fresno,2018,7,26.48462096705111,44.96230489096389,22.14976,2.5782847,89.0,23.6462897093963
Fresno,2018,8,24.23737309990707,48.820072207384044,20.051092,4.6971827,89.0,22.925582188670894
Fresno,2018,9,21.128174709620964,29.276651724346966,12.410023,6.343648,89.0,19.992390875716506
Fresno,2018,10,15.343248835219242,32.32843286135909,18.099157,4.394408,89.0,14.656789883888178
Fresno,2018,11,10.212743365371068,26.574473700222754,14.097305,3.3047009,89.0,8.688868188708247
Fresno,2018,12,5.573444510492038,12.343934857507662,5.605468,1.9801707,89.0,4.890050153511372
Fresno,2018,1,7.59460827464153,,,,,
Fresno,2018,2,6.370824439919431,,,,,
Fresno,2018,3,7.852293148922911,,,,,
Fresno,2018,4,12.960991493030122,17.939092089262694,8.237858,3.4522183,90.0,11.148379905834364
Fresno,2018,5,16.308109935850325,34.28161919038902,15.875668,2.1135666,90.0,15.634527908564628
Fresno,2018,6,22.03474855826954,36.40133240146211,12.811485,5.0805326,90.0,20.230983178453634
Fresno,2018,7,26.48462096705111,45.484510817499654,22.14976,2.5782847,90.0,23.6462897093963
Fresno,2018,8,24.23737309990707,45.56208040726606,20.051092,4.6971827,90.0,22.925582188670894
Fresno,2018,9,21.128174709620964,32.67202629473569,12.410023,6.343648,90.0,19.992390875716506
Fresno,2018,10,15.343248835219242,29.255527456415138,18.099157,4.394408,90.0,14.656789883888178
Fresno,2018,11,10.212743365371068,24.832594704804926,14.097305,3.3047009,90.0,8.688868188708247
Fresno,2018,12,5.573444510492038,10.29336886200554,5.605468,1.9801707,90.0,4.890050153511372
Fresno,2018,1,7.59460827464153,,,,,
Fresno,2018,2,6.370824439919431,,,,,
Fresno,2018,3,7.852293148922911,,,,,
Fresno,2018,4,12.960991493030122,16.77043973866901,8.237858,3.4522183,91.0,11.148379905834364
Fresno,2018,5,16.308109935850325,30.657508159142452,15.875668,2.1135666,91.0,15.634527908564628
Fresno,2018,6,22.03474855826954,31.266011444204686,12.811485,5.0805326,91.0,20.230983178453634
Fresno,2018,7,26.48462096705111,46.71326048183037,22.14976,2.5782847,91.0,23.6462897093963
Fresno,2018,8,24.23737309990707,42.64942708559098,20.051092,4.6971827,91.0,22.925582188670894
Fresno,2018,9,21.128174709620964,41.49431170522058,12.410023,6.343648,91.0,19.992390875716506
Fresno,2018,10,15.343248835219242,27.887201033064464,18.099157,4.394408,91.0,14.656789883888178
Fresno,2018,11,10.212743365371068,26.965426735333544,14.097305,3.3047009,91.0,8.688868188708247
Fresno,2018,12,5.573444510492038,12.848462836774132,5.605468,1.9801707,91.0,4.890050153511372
Fresno,2018,1,7.59460827464153,,,,,
Fresno,2018,2,6.370824439919431,,,,,
Fresno,2018,3,7.852293148922911,,,,,
Fresno,2018,4,12.960991493030122,16.862853023555104,8.237858,3.4522183,92.0,11.148379905834364
Fresno,2018,5,16.308109935850325,28.646205260437156,15.875668,2.1135666,92.0,15.634527908564628
Fresno,2018,6,22.03474855826954,35.48084079409334,12.811485,5.0805326,92.0,20.230983178453634
Fresno,2018,7,26.48462096705111,47.08639761994973,22.14976,2.5782847,92.0,23.6462897093963
Fresno,2018,8,24.23737309990707,48.374941014979,20.051092,4.6971827,92.0,22.925582188670894
Fresno,2018,9,21.128174709620964,35.80186209802547,12.410023,6.343648,92.0,19.992390875716506
Fresno,2018,10,15.343248835219242,24.476207258276247,18.099157,4.394408,92.0,14.656789883888178
Fresno,2018,11,10.212743365371068,16.813580843064805,14.097305,3.3047009,92.0,8.688868188708247
Fresno,2018,12,5.573444510492038,11.686747612201046,5.605468,1.9801707,92.0,4.890050153511372
Fresno,2018,1,7.59460827464153,,,,,
Fresno,2018,2,6.370824439919431,,,,,
Fresno,2018,3,7.852293148922911,,,,,
Fresno,2018,4,12.960991493030122,23.928316205908473,8.237858,3.4522183,93.0,11.148379905834364
Fresno,2018,5,16.308109935850325,33.16388227980478,15.875668,2.1135666,93.0,15.634527908564628
Fresno,2018,6,22.03474855826954,37.121073843240126,12.811485,5.0805326,93.0,20.230983178453634
Fresno,2018,7,26.48462096705111,46.65357991872656,22.14976,2.5782847,93.0,23.6462897093963
Fresno,2018,8,24.23737309990707,40.97987729717629,20.051092,4.6971827,93.0,22.925582188670894
Fresno,2018,9,21.128174709620964,33.78747882605614,12.410023,6.343648,93.0,19.992390875716506
Fresno,2018,10,15.343248835219242,31.785780951668443,18.099157,4.394408,93.0,14.656789883888178
Fresno,2018,11,10.212743365371068,27.487414755526054,14.097305,3.3047009,93.0,8.688868188708247
Fresno,2018,12,5.573444510492038,9.797241739551874,5.605468,1.9801707,93.0,4.890050153511372
Fresno,2018,1,7.59460827464153,,,,,
Fresno,2018,2,6.370824439919431,,,,,
Fresno,2018,3,7.852293148922911,,,,,
Fresno,2018,4,12.960991493030122,23.54148882966726,8.237858,3.4522183,94.0,11.148379905834364
Fresno,2018,5,16.308109935850325,29.24950425434463,15.875668,2.1135666,94.0,15.634527908564628
Fresno,2018,6,22.03474855826954,34.21309240478155,12.811485,5.0805326,94.0,20.230983178453634
Fresno,2018,7,26.48462096705111,45.60769548285377,22.14976,2.5782847,94.0,23.6462897093963
Fresno,2018,8,24.23737309990707,43.1127663996764,20.051092,4.6971827,94.0,22.925582188670894
Fresno,2018,9,21.128174709620964,33.280174331869894,12.410023,6.343648,94.0,19.992390875716506
Fresno,2018,10,15.343248835219242,30.954436358712563,18.099157,4.394408,94.0,14.656789883888178
Fresno,2018,11,10.212743365371068,24.587515899464183,14.097305,3.3047009,94.0,8.688868188708247
Fresno,2018,12,5.573444510492038,10.043444651880087,5.605468,1.9801707,94.0,4.890050153511372
Fresno,2018,1,7.59460827464153,,,,,
Fresno,2018,2,6.370824439919431,,,,,
Fresno,2018,3,7.852293148922911,,,,,
Fresno,2018,4,12.960991493030122,19.5956390041799,8.237858,3.4522183,95.0,11.148379905834364
Fresno,2018,5,16.308109935850325,30.84361607839979,15.875668,2.1135666,95.0,15.634527908564628
Fresno,2018,6,22.03474855826954,26.32849997222191,12.811485,5.0805326,95.0,20.230983178453634
Fresno,2018,7,26.48462096705111,46.71498608750919,22.14976,2.5782847,95.0,23.6462897093963
Fresno,2018,8,24.23737309990707,50.514774911794106,20.051092,4.6971827,95.0,22.925582188670894
Fresno,2018,9,21.128174709620964,31.93530595202965,12.410023,6.343648,95.0,19.992390875716506
Fresno,2018,10,15.343248835219242,24.887570675316063,18.099157,4.394408,95.0,14.656789883888178
Fresno,2018,11,10.212743365371068,22.32919407594899,14.097305,3.3047009,95.0,8.688868188708247
Fresno,2018,12,5.573444510492038,9.509853282790615,5.605468,1.9801707,95.0,4.890050153511372
Fresno,2018,1,7.59460827464153,,,,,
Fresno,2018,2,6.370824439919431,,,,,
Fresno,2018,3,7.852293148922911,,,,,
Fresno,2018,4,12.960991493030122,20.184608800817536,8.237858,3.4522183,96.0,11.148379905834364
Fresno,2018,5,16.308109935850325,32.21962149536932,15.875668,2.1135666,96.0,15.634527908564628
Fresno,2018,6,22.03474855826954,32.66198469348899,12.811485,5.0805326,96.0,20.230983178453634
Fresno,2018,7,26.48462096705111,47.54895664388493,22.14976,2.5782847,96.0,23.6462897093963
Fresno,2018,8,24.23737309990707,43.51027871851973,20.051092,4.6971827,96.0,22.925582188670894
Fresno,2018,9,21.128174709620964,29.097411068162977,12.410023,6.343648,96.0,19.992390875716506
Fresno,2018,10,15.343248835219242,33.68031597888971,18.099157,4.394408,96.0,14.656789883888178
Fresno,2018,11,10.212743365371068,24.58728078024195,14.097305,3.3047009,96.0,8.688868188708247
Fresno,2018,12,5.573444510492038,12.538873109140123,5.605468,1.9801707,96.0,4.890050153511372
Fresno,2018,1,7.59460827464153,,,,,
Fresno,2018,2,6.370824439919431,,,,,
Fresno,2018,3,7.852293148922911,,,,,
Fresno,2018,4,12.960991493030122,17.769043608830792,8.237858,3.4522183,97.0,11.148379905834364
Fresno,2018,5,16.308109935850325,31.401945567218903,15.875668,2.1135666,97.0,15.634527908564628
Fresno,2018,6,22.03474855826954,31.530437870528075,12.811485,5.0805326,97.0,20.230983178453634
Fresno,2018,7,26.48462096705111,46.89603753082103,22.14976,2.5782847,97.0,23.6462897093963
Fresno,2018,8,24.23737309990707,35.1064519513248,20.051092,4.6971827,97.0,22.925582188670894
Fresno,2018,9,21.128174709620964,26.17786066330487,12.410023,6.343648,97.0,19.992390875716506
Fresno,2018,10,15.343248835219242,28.997055872671318,18.099157,4.394408,97.0,14.656789883888178
Fresno,2018,11,10.212743365371068,26.68520796175593,14.097305,3.3047009,97.0,8.688868188708247
Fresno,2018,12,5.573444510492038,4.907857822635671,5.605468,1.9801707,97.0,4.890050153511372
Fresno,2018,1,7.59460827464153,,,,,
Fresno,2018,2,6.370824439919431,,,,,
Fresno,2018,3,7.852293148922911,,,,,
Fresno,2018,4,12.960991493030122,21.09819224595149,8.237858,3.4522183,98.0,11.148379905834364
Fresno,2018,5,16.308109935850325,30.78978059441423,15.875668,2.1135666,98.0,15.634527908564628
Fresno,2018,6,22.03474855826954,40.63831071314613,12.811485,5.0805326,98.0,20.230983178453634
Fresno,2018,7,26.48462096705111,45.118067826790515,22.14976,2.5782847,98.0,23.6462897093963
Fresno,2018,8,24.23737309990707,42.553954110744556,20.051092,4.6971827,98.0,22.925582188670894
Fresno,2018,9,21.128174709620964,30.781223916111326,12.410023,6.343648,98.0,19.992390875716506
Fresno,2018,10,15.343248835219242,35.18812406845348,18.099157,4.394408,98.0,14.656789883888178
Fresno,2018,11,10.212743365371068,16.005405528330108,14.097305,3.3047009,98.0,8.688868188708247
Fresno,2018,12,5.573444510492038,10.431885871632515,5.605468,1.9801707,98.0,4.890050153511372
Fresno,2018,1,7.59460827464153,,,,,
Fresno,2018,2,6.370824439919431,,,,,
Fresno,2018,3,7.852293148922911,,,,,
Fresno,2018,4,12.960991493030122,19.68797252059233,8.237858,3.4522183,99.0,11.148379905834364
Fresno,2018,5,16.308109935850325,30.399620304641275,15.875668,2.1135666,99.0,15.634527908564628
Fresno,2018,6,22.03474855826954,36.538589757150575,12.811485,5.0805326,99.0,20.230983178453634
Fresno,2018,7,26.48462096705111,44.83842106767389,22.14976,2.5782847,99.0,23.6462897093963
Fresno,2018,8,24.23737309990707,46.64898260206941,20.051092,4.6971827,99.0,22.925582188670894
Fresno,2018,9,21.128174709620964,24.037667050691073,12.410023,6.343648,99.0,19.992390875716506
Fresno,2018,10,15.343248835219242,32.040818982348746,18.099157,4.394408,99.0,14.656789883888178
Fresno,2018,11,10.212743365371068,17.62547834860063,14.097305,3.3047009,99.0,8.688868188708247
Fresno,2018,12,5.573444510492038,8.050616895517102,5.605468,1.9801707,99.0,4.890050153511372
Fresno,2018,1,7.59460827464153,,,,,
Fresno,2018,2,6.370824439919431,,,,,
Fresno,2018,3,7.852293148922911,,,,,
Fresno,2018,4,12.960991493030122,22.579901842247807,8.237858,3.4522183,100.0,11.148379905834364
Fresno,2018,5,16.308109935850325,31.796410219075398,15.875668,2.1135666,100.0,15.634527908564628
Fresno,2018,6,22.03474855826954,29.82498295658265,12.811485,5.0805326,100.0,20.230983178453634
Fresno,2018,7,26.48462096705111,46.211238809541086,22.14976,2.5782847,100.0,23.6462897093963
Fresno,2018,8,24.23737309990707,40.77517995409955,20.051092,4.6971827,100.0,22.925582188670894
Fresno,2018,9,21.128174709620964,31.734380936056077,12.410023,6.343648,100.0,19.992390875716506
Fresno,2018,10,15.343248835219242,38.01638416769117,18.099157,4.394408,100.0,14.656789883888178
Fresno,2018,11,10.212743365371068,21.86079002422724,14.097305,3.3047009,100.0,8.688868188708247
Fresno,2018,12,5.573444510492038,13.400817983420456,5.605468,1.9801707,100.0,4.890050153511372
