county,year,month,temperature,quantile_score,model_type
Fresno,2018,1,7.59460827464153,0.5963953865056086,AutoBNN - Temperature Anom Lags
Fresno,2018,2,6.370824439919431,0.1430390436465692,AutoBNN - Temperature Anom Lags
Fresno,2018,3,7.852293148922911,0.42892156065714465,AutoBNN - Temperature Anom Lags
Fresno,2018,4,12.960991493030122,0.6008879873547891,AutoBNN - Temperature Anom Lags
Fresno,2018,5,16.308109935850325,0.2536125638719761,AutoBNN - Temperature Anom Lags
Fresno,2018,6,22.03474855826954,0.14326369967123473,AutoBNN - Temperature Anom Lags
Fresno,2018,7,26.48462096705111,0.35937229635739565,AutoBNN - Temperature Anom Lags
Fresno,2018,8,24.23737309990707,0.2046527899756576,AutoBNN - Temperature Anom Lags
Fresno,2018,9,21.128174709620964,0.16931956541658655,AutoBNN - Temperature Anom Lags
Fresno,2018,10,15.343248835219242,0.20918475223009034,AutoBNN - Temperature Anom Lags
Fresno,2018,11,10.212743365371068,0.2010766248811375,AutoBNN - Temperature Anom Lags
Fresno,2018,12,5.573444510492038,0.14382011118862362,AutoBNN - Temperature Anom Lags
Kern,2018,1,10.745331852586844,0.7213970154222816,AutoBNN - Temperature Anom Lags
Kern,2018,2,9.828535092103095,0.2149532954409869,AutoBNN - Temperature Anom Lags
Kern,2018,3,11.438706520973426,0.35211398166237456,AutoBNN - Temperature Anom Lags
Kern,2018,4,16.247626823895644,0.4263778985389556,AutoBNN - Temperature Anom Lags
Kern,2018,5,19.27754959863148,0.2798036926442926,AutoBNN - Temperature Anom Lags
Kern,2018,6,24.662044986529395,0.1546408789326446,AutoBNN - Temperature Anom Lags
Kern,2018,7,29.4138705777728,0.38269693590173814,AutoBNN - Temperature Anom Lags
Kern,2018,8,27.42607528912453,0.1526765084025836,AutoBNN - Temperature Anom Lags
Kern,2018,9,24.046543659042584,0.16822051372190916,AutoBNN - Temperature Anom Lags
Kern,2018,10,17.896419288360107,0.19669574043967508,AutoBNN - Temperature Anom Lags
Kern,2018,11,12.9643652145553,0.19401678066663072,AutoBNN - Temperature Anom Lags
Kern,2018,12,8.52281326995029,0.19484120488166812,AutoBNN - Temperature Anom Lags
Los Angeles,2018,1,12.85524067784661,0.801242216741196,AutoBNN - Temperature Anom Lags
Los Angeles,2018,2,11.473441322458314,0.4267454778305209,AutoBNN - Temperature Anom Lags
Los Angeles,2018,3,12.038079485174478,0.6077249934622133,AutoBNN - Temperature Anom Lags
Los Angeles,2018,4,16.074378640301347,0.2942850106713748,AutoBNN - Temperature Anom Lags
Los Angeles,2018,5,16.939935042902732,0.45032915249015343,AutoBNN - Temperature Anom Lags
Los Angeles,2018,6,21.52836452066049,0.2947416641736272,AutoBNN - Temperature Anom Lags
Los Angeles,2018,7,26.39264507109442,0.3221951987767461,AutoBNN - Temperature Anom Lags
Los Angeles,2018,8,25.289386385804733,0.2996991669047963,AutoBNN - Temperature Anom Lags
Los Angeles,2018,9,22.75279868945705,0.13988643144116256,AutoBNN - Temperature Anom Lags
Los Angeles,2018,10,18.420852267440125,0.13837590139923672,AutoBNN - Temperature Anom Lags
Los Angeles,2018,11,14.925106383715274,0.2427852150286087,AutoBNN - Temperature Anom Lags
Los Angeles,2018,12,10.725101124525224,0.26316639358347116,AutoBNN - Temperature Anom Lags
Merced,2018,1,11.541756502600265,0.5570129184409826,AutoBNN - Temperature Anom Lags
Merced,2018,2,11.139705428902744,0.19691662127170895,AutoBNN - Temperature Anom Lags
Merced,2018,3,13.01099468874554,0.2567688682284018,AutoBNN - Temperature Anom Lags
Merced,2018,4,17.398993035338492,0.3687474235500954,AutoBNN - Temperature Anom Lags
Merced,2018,5,20.27765399315149,0.3475941888536468,AutoBNN - Temperature Anom Lags
Merced,2018,6,24.669034678427124,0.23516376806630032,AutoBNN - Temperature Anom Lags
Merced,2018,7,28.58677118316257,0.15963306728035512,AutoBNN - Temperature Anom Lags
Merced,2018,8,25.675115413438505,0.6342350725934962,AutoBNN - Temperature Anom Lags
Merced,2018,9,23.09011086334232,0.24147450298823483,AutoBNN - Temperature Anom Lags
Merced,2018,10,19.17372168343468,0.1718318048631302,AutoBNN - Temperature Anom Lags
Merced,2018,11,13.376033035497926,0.15017535755730638,AutoBNN - Temperature Anom Lags
Merced,2018,12,9.97768871378861,0.1518789567188783,AutoBNN - Temperature Anom Lags
Orange,2018,1,15.18691827725661,0.6660162892004456,AutoBNN - Temperature Anom Lags
Orange,2018,2,13.848450527210446,0.41412651751980634,AutoBNN - Temperature Anom Lags
Orange,2018,3,14.304770497220147,0.4469592061872133,AutoBNN - Temperature Anom Lags
Orange,2018,4,16.480487242135666,0.16642639069244117,AutoBNN - Temperature Anom Lags
Orange,2018,5,16.833456504995922,0.3851472299854562,AutoBNN - Temperature Anom Lags
Orange,2018,6,19.709193490616485,0.27011906019665977,AutoBNN - Temperature Anom Lags
Orange,2018,7,24.42454245852645,0.41424940818488004,AutoBNN - Temperature Anom Lags
Orange,2018,8,24.28041490398971,0.46623345193236765,AutoBNN - Temperature Anom Lags
Orange,2018,9,21.72459304751635,0.23799796714927207,AutoBNN - Temperature Anom Lags
Orange,2018,10,19.746800189663816,0.14716038597954642,AutoBNN - Temperature Anom Lags
Orange,2018,11,17.26883448623005,0.2279059100933749,AutoBNN - Temperature Anom Lags
Orange,2018,12,13.661286084796645,0.2957972085355508,AutoBNN - Temperature Anom Lags
Placer,2018,1,5.820101785805036,0.4559040909945363,AutoBNN - Temperature Anom Lags
Placer,2018,2,4.215296604129435,0.1823875517616368,AutoBNN - Temperature Anom Lags
Placer,2018,3,5.442743607432817,0.47082797323212483,AutoBNN - Temperature Anom Lags
Placer,2018,4,9.676850513444435,0.17051787365867635,AutoBNN - Temperature Anom Lags
Placer,2018,5,14.02691713553304,0.26992861622210707,AutoBNN - Temperature Anom Lags
Placer,2018,6,19.551780160618137,0.18341980043685793,AutoBNN - Temperature Anom Lags
Placer,2018,7,24.104445742133123,0.15332000736034276,AutoBNN - Temperature Anom Lags
Placer,2018,8,21.475395743251056,0.4929630551253906,AutoBNN - Temperature Anom Lags
Placer,2018,9,18.56238961568033,0.19796573148833377,AutoBNN - Temperature Anom Lags
Placer,2018,10,13.23437054893094,0.1750998098019397,AutoBNN - Temperature Anom Lags
Placer,2018,11,8.212310229224443,0.2088386465684332,AutoBNN - Temperature Anom Lags
Placer,2018,12,4.384924627896908,0.1376319068188619,AutoBNN - Temperature Anom Lags
Riverside,2018,1,14.299428842202076,0.7997427428009535,AutoBNN - Temperature Anom Lags
Riverside,2018,2,13.234412196670633,0.15540533197949633,AutoBNN - Temperature Anom Lags
Riverside,2018,3,15.67643750207867,0.4437362991740005,AutoBNN - Temperature Anom Lags
Riverside,2018,4,20.99824483009877,0.371718818792189,AutoBNN - Temperature Anom Lags
Riverside,2018,5,22.734391719200403,0.21705553761297702,AutoBNN - Temperature Anom Lags
Riverside,2018,6,28.35022410437125,0.26373822445219214,AutoBNN - Temperature Anom Lags
Riverside,2018,7,32.05728840601495,0.14411113293484004,AutoBNN - Temperature Anom Lags
Riverside,2018,8,31.16164095852628,0.1674146526811099,AutoBNN - Temperature Anom Lags
Riverside,2018,9,28.65784461164884,0.49926078083539255,AutoBNN - Temperature Anom Lags
Riverside,2018,10,20.879477630600945,0.28401663049904985,AutoBNN - Temperature Anom Lags
Riverside,2018,11,15.653271658817914,0.302571837102825,AutoBNN - Temperature Anom Lags
Riverside,2018,12,11.56619007578388,0.16988671978916786,AutoBNN - Temperature Anom Lags
Sacramento,2018,1,10.30290616407524,0.268739697439502,AutoBNN - Temperature Anom Lags
Sacramento,2018,2,10.409468248833718,0.3857435605020234,AutoBNN - Temperature Anom Lags
Sacramento,2018,3,12.46603073451763,0.2804729640303236,AutoBNN - Temperature Anom Lags
Sacramento,2018,4,15.888167098300189,0.15416709083198296,AutoBNN - Temperature Anom Lags
Sacramento,2018,5,19.11184548043957,0.45815578384757644,AutoBNN - Temperature Anom Lags
Sacramento,2018,6,23.345693454995512,0.3102029428488076,AutoBNN - Temperature Anom Lags
Sacramento,2018,7,25.124316443333896,0.18634063065052034,AutoBNN - Temperature Anom Lags
Sacramento,2018,8,22.621051964806043,0.5628818023054286,AutoBNN - Temperature Anom Lags
Sacramento,2018,9,21.29278216850804,0.4846168243553904,AutoBNN - Temperature Anom Lags
Sacramento,2018,10,18.556497070734736,0.15755489472788994,AutoBNN - Temperature Anom Lags
Sacramento,2018,11,12.778712207692934,0.15472545714390398,AutoBNN - Temperature Anom Lags
Sacramento,2018,12,9.765696712502688,0.15667283510017876,AutoBNN - Temperature Anom Lags
San Bernardino,2018,1,12.094628137074835,0.661621407499217,AutoBNN - Temperature Anom Lags
San Bernardino,2018,2,11.477591585663845,0.16887916473577722,AutoBNN - Temperature Anom Lags
San Bernardino,2018,3,14.175813742405296,0.5281487337206349,AutoBNN - Temperature Anom Lags
San Bernardino,2018,4,20.436126968232315,0.4701340447411393,AutoBNN - Temperature Anom Lags
San Bernardino,2018,5,23.00609728580224,0.18509127051089744,AutoBNN - Temperature Anom Lags
San Bernardino,2018,6,29.17967874210035,0.17247770132440501,AutoBNN - Temperature Anom Lags
San Bernardino,2018,7,32.827041968908134,0.15373528213211982,AutoBNN - Temperature Anom Lags
San Bernardino,2018,8,31.57626125816841,0.25977365904986255,AutoBNN - Temperature Anom Lags
San Bernardino,2018,9,28.297978415535056,0.4139490333229605,AutoBNN - Temperature Anom Lags
San Bernardino,2018,10,19.823993610298142,0.16875615961924947,AutoBNN - Temperature Anom Lags
San Bernardino,2018,11,13.630796143178202,0.3037816272540526,AutoBNN - Temperature Anom Lags
San Bernardino,2018,12,9.47677626599136,0.16359363652238937,AutoBNN - Temperature Anom Lags
San Joaquin,2018,1,10.601055533229726,0.3118454698119501,AutoBNN - Temperature Anom Lags
San Joaquin,2018,2,10.66510537427706,0.32181492083752994,AutoBNN - Temperature Anom Lags
San Joaquin,2018,3,12.59980760802472,0.2745630520973542,AutoBNN - Temperature Anom Lags
San Joaquin,2018,4,15.99812058001362,0.16202604776982102,AutoBNN - Temperature Anom Lags
San Joaquin,2018,5,19.040211490565017,0.461853922219439,AutoBNN - Temperature Anom Lags
San Joaquin,2018,6,23.009237892409715,0.2818687004212177,AutoBNN - Temperature Anom Lags
San Joaquin,2018,7,24.888037774630504,0.1771938948258005,AutoBNN - Temperature Anom Lags
San Joaquin,2018,8,22.47519196783867,0.5654316719734308,AutoBNN - Temperature Anom Lags
San Joaquin,2018,9,20.790068282678988,0.5334908123690673,AutoBNN - Temperature Anom Lags
San Joaquin,2018,10,18.157066183601785,0.14320386058453355,AutoBNN - Temperature Anom Lags
San Joaquin,2018,11,12.76198280761281,0.14679772051596882,AutoBNN - Temperature Anom Lags
San Joaquin,2018,12,9.870747778939062,0.1620396472859864,AutoBNN - Temperature Anom Lags
Solano,2018,1,10.577028931472228,0.18182239989439647,AutoBNN - Temperature Anom Lags
Solano,2018,2,11.793925978391655,0.2472578356302146,AutoBNN - Temperature Anom Lags
Solano,2018,3,12.725309196187538,0.18937856455493451,AutoBNN - Temperature Anom Lags
Solano,2018,4,15.6715183741818,0.16031555107145598,AutoBNN - Temperature Anom Lags
Solano,2018,5,18.498957971745995,0.3660462575609033,AutoBNN - Temperature Anom Lags
Solano,2018,6,22.06890435655004,0.2615912400953696,AutoBNN - Temperature Anom Lags
Solano,2018,7,22.92686621604969,0.18126501449430826,AutoBNN - Temperature Anom Lags
Solano,2018,8,20.96850731249924,0.4621181248384292,AutoBNN - Temperature Anom Lags
Solano,2018,9,19.955710899350947,0.46716555364806245,AutoBNN - Temperature Anom Lags
Solano,2018,10,18.32296989397946,0.17347188017585063,AutoBNN - Temperature Anom Lags
Solano,2018,11,13.754038127864192,0.19974941480641414,AutoBNN - Temperature Anom Lags
Solano,2018,12,10.23719064030189,0.15913823871901542,AutoBNN - Temperature Anom Lags
Stanislaus,2018,1,11.040057229454362,0.3285210657480991,AutoBNN - Temperature Anom Lags
Stanislaus,2018,2,10.513326613377105,0.2648385029143155,AutoBNN - Temperature Anom Lags
Stanislaus,2018,3,12.447957095794608,0.3224757263907278,AutoBNN - Temperature Anom Lags
Stanislaus,2018,4,16.419432019928934,0.169719714417,AutoBNN - Temperature Anom Lags
Stanislaus,2018,5,19.729926376221783,0.4750009794141908,AutoBNN - Temperature Anom Lags
Stanislaus,2018,6,24.22310509322909,0.27637605638215035,AutoBNN - Temperature Anom Lags
Stanislaus,2018,7,27.508882893500697,0.16992571217845184,AutoBNN - Temperature Anom Lags
Stanislaus,2018,8,24.6242170736038,0.6406093809482725,AutoBNN - Temperature Anom Lags
Stanislaus,2018,9,22.259479771621105,0.48036004625787626,AutoBNN - Temperature Anom Lags
Stanislaus,2018,10,18.635710104231407,0.17316325075698621,AutoBNN - Temperature Anom Lags
Stanislaus,2018,11,12.97359942682749,0.1727222182564061,AutoBNN - Temperature Anom Lags
Stanislaus,2018,12,9.81809627770474,0.17392311502285682,AutoBNN - Temperature Anom Lags
Tulare,2018,1,6.967912830305011,0.6335076583876754,AutoBNN - Temperature Anom Lags
Tulare,2018,2,5.271389411554992,0.1881960743308218,AutoBNN - Temperature Anom Lags
Tulare,2018,3,6.699524127450445,0.551941914678824,AutoBNN - Temperature Anom Lags
Tulare,2018,4,11.783163514877458,0.5276406834823918,AutoBNN - Temperature Anom Lags
Tulare,2018,5,15.230002301118477,0.26901971460893903,AutoBNN - Temperature Anom Lags
Tulare,2018,6,21.21907805611073,0.1797950474059943,AutoBNN - Temperature Anom Lags
Tulare,2018,7,25.72556935975132,0.22721445337690493,AutoBNN - Temperature Anom Lags
Tulare,2018,8,24.036926207645536,0.16249008588718647,AutoBNN - Temperature Anom Lags
Tulare,2018,9,21.011505571432167,0.21387789962869702,AutoBNN - Temperature Anom Lags
Tulare,2018,10,14.334487919722278,0.1509265535738733,AutoBNN - Temperature Anom Lags
Tulare,2018,11,9.6550868240289,0.20402310343703836,AutoBNN - Temperature Anom Lags
Tulare,2018,12,4.689511078813894,0.16541006274596612,AutoBNN - Temperature Anom Lags
Fresno,2019,1,6.216901371755398,0.1839094399141543,AutoBNN - Temperature Anom Lags
Fresno,2019,2,3.745315251804129,0.626275443621356,AutoBNN - Temperature Anom Lags
Fresno,2019,3,8.075260163840198,0.19375802719231808,AutoBNN - Temperature Anom Lags
Fresno,2019,4,13.659414194553676,0.4431017915648643,AutoBNN - Temperature Anom Lags
Fresno,2019,5,13.60272124199497,1.16360898939046,AutoBNN - Temperature Anom Lags
Fresno,2019,6,21.85292493324675,0.1376684400830606,AutoBNN - Temperature Anom Lags
Fresno,2019,7,24.19742056762811,0.28468237767616905,AutoBNN - Temperature Anom Lags
Fresno,2019,8,24.5528666594451,0.19817171066698405,AutoBNN - Temperature Anom Lags
Fresno,2019,9,20.239956310949253,0.16821431264130754,AutoBNN - Temperature Anom Lags
Fresno,2019,10,14.238014479669516,0.19365969859289395,AutoBNN - Temperature Anom Lags
Fresno,2019,11,9.871128607109938,0.1943457497550984,AutoBNN - Temperature Anom Lags
Fresno,2019,12,5.888724974040201,0.1618855262705774,AutoBNN - Temperature Anom Lags
Kern,2019,1,9.126965216652591,0.17921176404664013,AutoBNN - Temperature Anom Lags
Kern,2019,2,6.582651069469762,0.6785113792708425,AutoBNN - Temperature Anom Lags
Kern,2019,3,11.624964087401963,0.14656532752845022,AutoBNN - Temperature Anom Lags
Kern,2019,4,17.293261603712665,0.6619782492729147,AutoBNN - Temperature Anom Lags
Kern,2019,5,16.36207211072849,1.319908624309482,AutoBNN - Temperature Anom Lags
Kern,2019,6,25.20993084418052,0.18197602092617687,AutoBNN - Temperature Anom Lags
Kern,2019,7,27.266063929796303,0.20705662237273323,AutoBNN - Temperature Anom Lags
Kern,2019,8,27.089645066922003,0.15179960814389318,AutoBNN - Temperature Anom Lags
Kern,2019,9,22.99669415086271,0.21434668687106384,AutoBNN - Temperature Anom Lags
Kern,2019,10,16.564245916191908,0.30101875207640905,AutoBNN - Temperature Anom Lags
Kern,2019,11,12.38271572391602,0.1689245667180629,AutoBNN - Temperature Anom Lags
Kern,2019,12,8.10144576006445,0.1752486735762972,AutoBNN - Temperature Anom Lags
Los Angeles,2019,1,10.637831517062011,0.14606255562618523,AutoBNN - Temperature Anom Lags
Los Angeles,2019,2,7.828815849235866,0.9350711850806919,AutoBNN - Temperature Anom Lags
Los Angeles,2019,3,12.10814545155597,0.1480018909109963,AutoBNN - Temperature Anom Lags
Los Angeles,2019,4,16.075604993683157,0.2192893083589246,AutoBNN - Temperature Anom Lags
Los Angeles,2019,5,15.024861952171136,0.7957528747573044,AutoBNN - Temperature Anom Lags
Los Angeles,2019,6,20.98272034645936,0.23629446147668237,AutoBNN - Temperature Anom Lags
Los Angeles,2019,7,23.90496920109041,0.3364792600514913,AutoBNN - Temperature Anom Lags
Los Angeles,2019,8,24.49423674436059,0.18706013308330016,AutoBNN - Temperature Anom Lags
Los Angeles,2019,9,22.43378424585404,0.16462048248510164,AutoBNN - Temperature Anom Lags
Los Angeles,2019,10,18.08064655057035,0.1561507470047835,AutoBNN - Temperature Anom Lags
Los Angeles,2019,11,14.163193695268262,0.178645410038004,AutoBNN - Temperature Anom Lags
Los Angeles,2019,12,9.523843284737096,0.23396460841099423,AutoBNN - Temperature Anom Lags
Merced,2019,1,10.88851258130859,0.29297090750150007,AutoBNN - Temperature Anom Lags
Merced,2019,2,9.384349537017329,0.34959899400219774,AutoBNN - Temperature Anom Lags
Merced,2019,3,13.080606415454495,0.1631583535851854,AutoBNN - Temperature Anom Lags
Merced,2019,4,18.54467012902625,0.5458857630358803,AutoBNN - Temperature Anom Lags
Merced,2019,5,18.687100244866144,0.7616778200021898,AutoBNN - Temperature Anom Lags
Merced,2019,6,25.96607662845355,0.32411630929118457,AutoBNN - Temperature Anom Lags
Merced,2019,7,26.8732808370612,0.4709806785619619,AutoBNN - Temperature Anom Lags
Merced,2019,8,27.331818964768217,0.394532437872405,AutoBNN - Temperature Anom Lags
Merced,2019,9,23.87419777597154,0.14598286467971222,AutoBNN - Temperature Anom Lags
Merced,2019,10,17.797439879763147,0.23519611572978472,AutoBNN - Temperature Anom Lags
Merced,2019,11,13.247375748399236,0.1626430921813454,AutoBNN - Temperature Anom Lags
Merced,2019,12,10.843132921581343,0.2521859392794696,AutoBNN - Temperature Anom Lags
Orange,2019,1,13.208615283381732,0.16261807406189463,AutoBNN - Temperature Anom Lags
Orange,2019,2,11.23377785462037,0.491689012116856,AutoBNN - Temperature Anom Lags
Orange,2019,3,14.34762871801297,0.1509845757943512,AutoBNN - Temperature Anom Lags
Orange,2019,4,16.504415097327524,0.20657538794507885,AutoBNN - Temperature Anom Lags
Orange,2019,5,16.052806504494583,0.3633563737736808,AutoBNN - Temperature Anom Lags
Orange,2019,6,19.136478830836325,0.1950108954848515,AutoBNN - Temperature Anom Lags
Orange,2019,7,22.050566280368912,0.3412422250978874,AutoBNN - Temperature Anom Lags
Orange,2019,8,22.61463006760772,0.4490798352417921,AutoBNN - Temperature Anom Lags
Orange,2019,9,22.584121316439848,0.15537144927665442,AutoBNN - Temperature Anom Lags
Orange,2019,10,19.83195524120481,0.24210717759650166,AutoBNN - Temperature Anom Lags
Orange,2019,11,16.171069250106655,0.1436497769813345,AutoBNN - Temperature Anom Lags
Orange,2019,12,13.07340993399322,0.14419178600564148,AutoBNN - Temperature Anom Lags
Placer,2019,1,5.122475119242949,0.23491495020461806,AutoBNN - Temperature Anom Lags
Placer,2019,2,2.049524980560875,1.1727567839140847,AutoBNN - Temperature Anom Lags
Placer,2019,3,6.1342757244803465,0.1677303679362692,AutoBNN - Temperature Anom Lags
Placer,2019,4,11.190399354019064,0.7706145220212263,AutoBNN - Temperature Anom Lags
Placer,2019,5,11.755752279942271,1.0166759308359838,AutoBNN - Temperature Anom Lags
Placer,2019,6,19.484852845939884,0.19109646009676387,AutoBNN - Temperature Anom Lags
Placer,2019,7,22.001110896924843,0.6445415218821678,AutoBNN - Temperature Anom Lags
Placer,2019,8,22.55034975716564,0.22670562570745292,AutoBNN - Temperature Anom Lags
Placer,2019,9,17.472729289757638,0.5845361292482627,AutoBNN - Temperature Anom Lags
Placer,2019,10,11.455611800714337,0.7489568764031536,AutoBNN - Temperature Anom Lags
Placer,2019,11,8.370371759209092,0.24982258434247487,AutoBNN - Temperature Anom Lags
Placer,2019,12,4.844989119158527,0.18121644268734285,AutoBNN - Temperature Anom Lags
Riverside,2019,1,11.558174064694583,0.2844883200759538,AutoBNN - Temperature Anom Lags
Riverside,2019,2,9.770823283179425,0.9304164282360463,AutoBNN - Temperature Anom Lags
Riverside,2019,3,15.543934952415327,0.15295442472503643,AutoBNN - Temperature Anom Lags
Riverside,2019,4,20.466829357927168,0.2898164123838598,AutoBNN - Temperature Anom Lags
Riverside,2019,5,19.875006678971545,1.408484254268685,AutoBNN - Temperature Anom Lags
Riverside,2019,6,27.50274945080816,0.3647294379484774,AutoBNN - Temperature Anom Lags
Riverside,2019,7,30.76675293864389,0.4018935081152001,AutoBNN - Temperature Anom Lags
Riverside,2019,8,31.26517565384927,0.15307502980786142,AutoBNN - Temperature Anom Lags
Riverside,2019,9,26.9589059750054,0.3324249436774038,AutoBNN - Temperature Anom Lags
Riverside,2019,10,20.41162258228303,0.6838332229732262,AutoBNN - Temperature Anom Lags
Riverside,2019,11,15.589701799659451,0.15193614154753057,AutoBNN - Temperature Anom Lags
Riverside,2019,12,10.69419471641976,0.33441414864827884,AutoBNN - Temperature Anom Lags
Sacramento,2019,1,10.627133297066734,0.40953034060169957,AutoBNN - Temperature Anom Lags
Sacramento,2019,2,9.341170567719246,0.4818879094208129,AutoBNN - Temperature Anom Lags
Sacramento,2019,3,12.723852203040508,0.1948963938277177,AutoBNN - Temperature Anom Lags
Sacramento,2019,4,17.407981582345656,0.3973237050783755,AutoBNN - Temperature Anom Lags
Sacramento,2019,5,17.402331112098864,0.8118168006942729,AutoBNN - Temperature Anom Lags
Sacramento,2019,6,24.205613850444024,0.22751723340063387,AutoBNN - Temperature Anom Lags
Sacramento,2019,7,24.579973276809312,0.24870960327109903,AutoBNN - Temperature Anom Lags
Sacramento,2019,8,25.334666297717263,0.4048387017153732,AutoBNN - Temperature Anom Lags
Sacramento,2019,9,22.71816831497722,0.16328300042284857,AutoBNN - Temperature Anom Lags
Sacramento,2019,10,17.561781290991007,0.22074614754981461,AutoBNN - Temperature Anom Lags
Sacramento,2019,11,12.589267840873276,0.15428281689683596,AutoBNN - Temperature Anom Lags
Sacramento,2019,12,10.671004858633296,0.2996989439533215,AutoBNN - Temperature Anom Lags
San Bernardino,2019,1,9.73586276460776,0.25486459404832185,AutoBNN - Temperature Anom Lags
San Bernardino,2019,2,7.95503881155031,0.9481206013578356,AutoBNN - Temperature Anom Lags
San Bernardino,2019,3,14.29877871152138,0.16094686203833783,AutoBNN - Temperature Anom Lags
San Bernardino,2019,4,19.85156493446084,0.3400143302450276,AutoBNN - Temperature Anom Lags
San Bernardino,2019,5,19.47142986357857,1.6627786507148936,AutoBNN - Temperature Anom Lags
San Bernardino,2019,6,28.3676364822914,0.30348918639650246,AutoBNN - Temperature Anom Lags
San Bernardino,2019,7,31.28390598464506,0.5006315638501234,AutoBNN - Temperature Anom Lags
San Bernardino,2019,8,31.373882769045224,0.14073056151168514,AutoBNN - Temperature Anom Lags
San Bernardino,2019,9,26.3511260895998,0.42227320919283706,AutoBNN - Temperature Anom Lags
San Bernardino,2019,10,18.47879695365248,0.8015842639677452,AutoBNN - Temperature Anom Lags
San Bernardino,2019,11,13.747330276137006,0.14915432375187826,AutoBNN - Temperature Anom Lags
San Bernardino,2019,12,8.488240534811098,0.30969406815038786,AutoBNN - Temperature Anom Lags
San Joaquin,2019,1,10.77539429271502,0.42015377744279725,AutoBNN - Temperature Anom Lags
San Joaquin,2019,2,9.358630399921084,0.40241668327890256,AutoBNN - Temperature Anom Lags
San Joaquin,2019,3,12.73359770788494,0.16594937077977434,AutoBNN - Temperature Anom Lags
San Joaquin,2019,4,17.17964999326574,0.4364307288569634,AutoBNN - Temperature Anom Lags
San Joaquin,2019,5,17.26301460308548,0.81141270536967,AutoBNN - Temperature Anom Lags
San Joaquin,2019,6,23.956190446576045,0.1922920596960819,AutoBNN - Temperature Anom Lags
San Joaquin,2019,7,24.31150668090521,0.2652285340819696,AutoBNN - Temperature Anom Lags
San Joaquin,2019,8,25.019124723390743,0.3793315783775214,AutoBNN - Temperature Anom Lags
San Joaquin,2019,9,22.47716846545456,0.17994720839490796,AutoBNN - Temperature Anom Lags
San Joaquin,2019,10,17.357526888306836,0.26196316644699885,AutoBNN - Temperature Anom Lags
San Joaquin,2019,11,12.667937069653306,0.14485235851220407,AutoBNN - Temperature Anom Lags
San Joaquin,2019,12,10.818315574808764,0.30398224332115864,AutoBNN - Temperature Anom Lags
Solano,2019,1,10.882236268125098,0.3424270779496492,AutoBNN - Temperature Anom Lags
Solano,2019,2,9.330235233080655,0.5212502446018084,AutoBNN - Temperature Anom Lags
Solano,2019,3,12.381747929701248,0.2352517535259025,AutoBNN - Temperature Anom Lags
Solano,2019,4,16.826479557482287,0.43975322201396483,AutoBNN - Temperature Anom Lags
Solano,2019,5,16.46058531296211,1.0579453762853988,AutoBNN - Temperature Anom Lags
Solano,2019,6,22.64724105330737,0.15654025003163502,AutoBNN - Temperature Anom Lags
Solano,2019,7,22.63594238420734,0.2105707127879364,AutoBNN - Temperature Anom Lags
Solano,2019,8,23.478632358144523,0.38365182800726466,AutoBNN - Temperature Anom Lags
Solano,2019,9,21.992405923994625,0.25149415409324144,AutoBNN - Temperature Anom Lags
Solano,2019,10,17.639601046215034,0.16857487435367974,AutoBNN - Temperature Anom Lags
Solano,2019,11,12.91089798392676,0.18701092405903222,AutoBNN - Temperature Anom Lags
Solano,2019,12,10.565146920134964,0.149870016623025,AutoBNN - Temperature Anom Lags
Stanislaus,2019,1,10.72196158668146,0.28367883597961574,AutoBNN - Temperature Anom Lags
Stanislaus,2019,2,8.967810956795802,0.5671739725211654,AutoBNN - Temperature Anom Lags
Stanislaus,2019,3,12.533776236687345,0.2154765886309171,AutoBNN - Temperature Anom Lags
Stanislaus,2019,4,17.475120014151628,0.490955213681616,AutoBNN - Temperature Anom Lags
Stanislaus,2019,5,17.835808034312493,0.9741242916656264,AutoBNN - Temperature Anom Lags
Stanislaus,2019,6,25.178464929160043,0.18158018259086997,AutoBNN - Temperature Anom Lags
Stanislaus,2019,7,26.23105444474305,0.4496620502586316,AutoBNN - Temperature Anom Lags
Stanislaus,2019,8,26.766334876715973,0.32831184544948605,AutoBNN - Temperature Anom Lags
Stanislaus,2019,9,23.289506010568743,0.20589462635493036,AutoBNN - Temperature Anom Lags
Stanislaus,2019,10,17.489466892740438,0.36674331353770356,AutoBNN - Temperature Anom Lags
Stanislaus,2019,11,12.96774045708412,0.15520090440909068,AutoBNN - Temperature Anom Lags
Stanislaus,2019,12,10.664385956668127,0.24858509704320117,AutoBNN - Temperature Anom Lags
Tulare,2019,1,4.880739243301605,0.17109329660432498,AutoBNN - Temperature Anom Lags
Tulare,2019,2,2.176074567524722,0.81660151720047,AutoBNN - Temperature Anom Lags
Tulare,2019,3,6.816321946909568,0.21519859225460974,AutoBNN - Temperature Anom Lags
Tulare,2019,4,12.071990767969057,0.2669328372406237,AutoBNN - Temperature Anom Lags
Tulare,2019,5,12.031357352727014,1.4361635875340666,AutoBNN - Temperature Anom Lags
Tulare,2019,6,20.572850788168523,0.2715247063082878,AutoBNN - Temperature Anom Lags
Tulare,2019,7,23.4539433165578,0.42632213811079667,AutoBNN - Temperature Anom Lags
Tulare,2019,8,23.623866386047496,0.1535744368187105,AutoBNN - Temperature Anom Lags
Tulare,2019,9,19.38483748813809,0.3077080342038111,AutoBNN - Temperature Anom Lags
Tulare,2019,10,13.358916842020449,0.28544733764697805,AutoBNN - Temperature Anom Lags
Tulare,2019,11,9.101761566974917,0.18525877033821264,AutoBNN - Temperature Anom Lags
Tulare,2019,12,4.529260512398025,0.14790868279909844,AutoBNN - Temperature Anom Lags
Fresno,2020,1,5.266614250002021,0.16659137906149182,AutoBNN - Temperature Anom Lags
Fresno,2020,2,7.808925919079002,0.1506736822561784,AutoBNN - Temperature Anom Lags
Fresno,2020,3,7.500818205628548,0.28479316789694503,AutoBNN - Temperature Anom Lags
Fresno,2020,4,12.17741326887858,0.17963248267920331,AutoBNN - Temperature Anom Lags
Fresno,2020,5,17.415011420914425,0.188135733423811,AutoBNN - Temperature Anom Lags
Fresno,2020,6,21.16845713171557,0.22516917944556533,AutoBNN - Temperature Anom Lags
Fresno,2020,7,24.566420929122728,0.15108151269079462,AutoBNN - Temperature Anom Lags
Fresno,2020,8,25.43869970442347,0.41689821502174995,AutoBNN - Temperature Anom Lags
Fresno,2020,9,22.27471103855169,0.5021778453239287,AutoBNN - Temperature Anom Lags
Fresno,2020,10,17.731913082054916,0.8519420254471327,AutoBNN - Temperature Anom Lags
Fresno,2020,11,8.412413416916593,0.19985396715426682,AutoBNN - Temperature Anom Lags
Fresno,2020,12,5.644937291935605,0.15771303493567185,AutoBNN - Temperature Anom Lags
Kern,2020,1,8.1195929436916,0.1575017424605109,AutoBNN - Temperature Anom Lags
Kern,2020,2,11.082013517284452,0.16416154174491615,AutoBNN - Temperature Anom Lags
Kern,2020,3,10.894693505815098,0.2603998096753852,AutoBNN - Temperature Anom Lags
Kern,2020,4,15.146537435600806,0.1739123986345349,AutoBNN - Temperature Anom Lags
Kern,2020,5,20.71972635453085,0.22961323149276497,AutoBNN - Temperature Anom Lags
Kern,2020,6,24.045211642607853,0.2518071780602137,AutoBNN - Temperature Anom Lags
Kern,2020,7,27.41167157792694,0.14144119076054504,AutoBNN - Temperature Anom Lags
Kern,2020,8,28.2203703318084,0.4740195433659987,AutoBNN - Temperature Anom Lags
Kern,2020,9,24.96313401458883,0.3950821904943447,AutoBNN - Temperature Anom Lags
Kern,2020,10,20.37169608159041,0.8053347160960688,AutoBNN - Temperature Anom Lags
Kern,2020,11,11.435380268052596,0.19120508095381233,AutoBNN - Temperature Anom Lags
Kern,2020,12,8.460771117032834,0.16609937389089605,AutoBNN - Temperature Anom Lags
Los Angeles,2020,1,10.697594305891698,0.15438939901012363,AutoBNN - Temperature Anom Lags
Los Angeles,2020,2,12.683074950055245,0.2079713780350155,AutoBNN - Temperature Anom Lags
Los Angeles,2020,3,11.268007534318484,0.2940435821841461,AutoBNN - Temperature Anom Lags
Los Angeles,2020,4,15.064759359016875,0.16457702331470717,AutoBNN - Temperature Anom Lags
Los Angeles,2020,5,19.87211665450724,0.24143867614293338,AutoBNN - Temperature Anom Lags
Los Angeles,2020,6,21.29566419128247,0.17523039923171804,AutoBNN - Temperature Anom Lags
Los Angeles,2020,7,23.963167413351243,0.155439320026022,AutoBNN - Temperature Anom Lags
Los Angeles,2020,8,25.812835078908847,0.3981158186088909,AutoBNN - Temperature Anom Lags
Los Angeles,2020,9,24.37888278278723,0.49582842646223135,AutoBNN - Temperature Anom Lags
Los Angeles,2020,10,20.84573629320454,0.9404306868230454,AutoBNN - Temperature Anom Lags
Los Angeles,2020,11,13.643595272025266,0.16666540205478667,AutoBNN - Temperature Anom Lags
Los Angeles,2020,12,10.999762808436344,0.3536879687417637,AutoBNN - Temperature Anom Lags
Merced,2020,1,9.683015276386698,0.1480377813526476,AutoBNN - Temperature Anom Lags
Merced,2020,2,12.546940924078513,0.1795424264488798,AutoBNN - Temperature Anom Lags
Merced,2020,3,13.058005196118756,0.1695279002972323,AutoBNN - Temperature Anom Lags
Merced,2020,4,17.2624917066463,0.17707280334800182,AutoBNN - Temperature Anom Lags
Merced,2020,5,22.159547806235025,0.6289276313300084,AutoBNN - Temperature Anom Lags
Merced,2020,6,25.07997263277668,0.15963445931974082,AutoBNN - Temperature Anom Lags
Merced,2020,7,26.91525616871445,0.15867793924579712,AutoBNN - Temperature Anom Lags
Merced,2020,8,28.31373729485813,0.3788008506009072,AutoBNN - Temperature Anom Lags
Merced,2020,9,25.251811927392907,0.3886060106152237,AutoBNN - Temperature Anom Lags
Merced,2020,10,20.80319654497282,0.49448080021925656,AutoBNN - Temperature Anom Lags
Merced,2020,11,12.471723770543631,0.19938320206722826,AutoBNN - Temperature Anom Lags
Merced,2020,12,9.611630704487936,0.16384779530342178,AutoBNN - Temperature Anom Lags
Orange,2020,1,13.059862205166668,0.15977863154327027,AutoBNN - Temperature Anom Lags
Orange,2020,2,14.0812936998434,0.15477339426074366,AutoBNN - Temperature Anom Lags
Orange,2020,3,13.914799171808568,0.14122835352113752,AutoBNN - Temperature Anom Lags
Orange,2020,4,16.340049438500614,0.18306047540120401,AutoBNN - Temperature Anom Lags
Orange,2020,5,19.26919647577972,0.6265467444212749,AutoBNN - Temperature Anom Lags
Orange,2020,6,20.264198749362265,0.26393820194282913,AutoBNN - Temperature Anom Lags
Orange,2020,7,21.84931042462881,0.2044567370836181,AutoBNN - Temperature Anom Lags
Orange,2020,8,23.929726829569177,0.2919938785379583,AutoBNN - Temperature Anom Lags
Orange,2020,9,23.31786250890065,0.27589465951076664,AutoBNN - Temperature Anom Lags
Orange,2020,10,21.42011575151281,0.7887799560903298,AutoBNN - Temperature Anom Lags
Orange,2020,11,15.84074979527884,0.14248526184245794,AutoBNN - Temperature Anom Lags
Orange,2020,12,13.616396047456874,0.18650718583603096,AutoBNN - Temperature Anom Lags
Placer,2020,1,4.497061219270961,0.1673058340525386,AutoBNN - Temperature Anom Lags
Placer,2020,2,6.271570326406447,0.1752712755552446,AutoBNN - Temperature Anom Lags
Placer,2020,3,5.371398778350908,0.44090085003111096,AutoBNN - Temperature Anom Lags
Placer,2020,4,10.03078127455734,0.15345605919457445,AutoBNN - Temperature Anom Lags
Placer,2020,5,14.581576865514364,0.15326921998250365,AutoBNN - Temperature Anom Lags
Placer,2020,6,18.761581455817577,0.3220879172827258,AutoBNN - Temperature Anom Lags
Placer,2020,7,22.279175076504146,0.1488812709095502,AutoBNN - Temperature Anom Lags
Placer,2020,8,23.377993416813126,0.3250566661237467,AutoBNN - Temperature Anom Lags
Placer,2020,9,20.754718746086155,0.7658513377170371,AutoBNN - Temperature Anom Lags
Placer,2020,10,16.108544388151813,0.8228523888852863,AutoBNN - Temperature Anom Lags
Placer,2020,11,6.376245296516345,0.40820441145487507,AutoBNN - Temperature Anom Lags
Placer,2020,12,4.031769961074303,0.1412224799936468,AutoBNN - Temperature Anom Lags
Riverside,2020,1,12.313088420446377,0.16108120990220945,AutoBNN - Temperature Anom Lags
Riverside,2020,2,13.929804232998949,0.21212340783591221,AutoBNN - Temperature Anom Lags
Riverside,2020,3,14.174915771853648,0.4734252029958397,AutoBNN - Temperature Anom Lags
Riverside,2020,4,19.231631073755693,0.1929025417536196,AutoBNN - Temperature Anom Lags
Riverside,2020,5,25.503303714657022,0.6655668850498969,AutoBNN - Temperature Anom Lags
Riverside,2020,6,27.599539110848298,0.14254119491938386,AutoBNN - Temperature Anom Lags
Riverside,2020,7,31.49864001745584,0.17291983808531902,AutoBNN - Temperature Anom Lags
Riverside,2020,8,32.62585938686743,0.49434415095984335,AutoBNN - Temperature Anom Lags
Riverside,2020,9,29.478008574271826,0.40749785603898947,AutoBNN - Temperature Anom Lags
Riverside,2020,10,24.09280864112941,0.7590929130351906,AutoBNN - Temperature Anom Lags
Riverside,2020,11,15.576874337605489,0.16203442583029917,AutoBNN - Temperature Anom Lags
Riverside,2020,12,11.251157338087468,0.15035959059842907,AutoBNN - Temperature Anom Lags
Sacramento,2020,1,9.648954533418872,0.17073807606492378,AutoBNN - Temperature Anom Lags
Sacramento,2020,2,12.051188811307044,0.15508603424736947,AutoBNN - Temperature Anom Lags
Sacramento,2020,3,12.5615879308358,0.18199560589561553,AutoBNN - Temperature Anom Lags
Sacramento,2020,4,16.94844183669761,0.16296454834817634,AutoBNN - Temperature Anom Lags
Sacramento,2020,5,21.17333589813597,0.2757612515278537,AutoBNN - Temperature Anom Lags
Sacramento,2020,6,24.202604853150888,0.15141034945695084,AutoBNN - Temperature Anom Lags
Sacramento,2020,7,24.27199881962406,0.20209382634722822,AutoBNN - Temperature Anom Lags
Sacramento,2020,8,26.283386633178395,0.33651353933594436,AutoBNN - Temperature Anom Lags
Sacramento,2020,9,23.991400493992444,0.34945224454908647,AutoBNN - Temperature Anom Lags
Sacramento,2020,10,20.192163930143977,0.5056397714277711,AutoBNN - Temperature Anom Lags
Sacramento,2020,11,11.60443374019752,0.3898012729907276,AutoBNN - Temperature Anom Lags
Sacramento,2020,12,8.899371476667397,0.21026956009067066,AutoBNN - Temperature Anom Lags
San Bernardino,2020,1,10.197916930279746,0.15469251466519904,AutoBNN - Temperature Anom Lags
San Bernardino,2020,2,12.29916968801632,0.1905284151043554,AutoBNN - Temperature Anom Lags
San Bernardino,2020,3,12.955147957910016,0.4791843149156281,AutoBNN - Temperature Anom Lags
San Bernardino,2020,4,18.31613880330815,0.167439141493253,AutoBNN - Temperature Anom Lags
San Bernardino,2020,5,24.9340420250511,0.781509861596907,AutoBNN - Temperature Anom Lags
San Bernardino,2020,6,27.885530548398265,0.25180517685533765,AutoBNN - Temperature Anom Lags
San Bernardino,2020,7,31.84328995450892,0.1621179335526746,AutoBNN - Temperature Anom Lags
San Bernardino,2020,8,32.62815046208965,0.42663884914282596,AutoBNN - Temperature Anom Lags
San Bernardino,2020,9,28.709024519054253,0.3240618695032718,AutoBNN - Temperature Anom Lags
San Bernardino,2020,10,22.821642172341058,0.6363754920164745,AutoBNN - Temperature Anom Lags
San Bernardino,2020,11,13.646246987127256,0.14273230813217883,AutoBNN - Temperature Anom Lags
San Bernardino,2020,12,9.047325756329542,0.16036582657032541,AutoBNN - Temperature Anom Lags
San Joaquin,2020,1,9.668841891148588,0.15469617145531106,AutoBNN - Temperature Anom Lags
San Joaquin,2020,2,12.0064451793192,0.13752399919008967,AutoBNN - Temperature Anom Lags
San Joaquin,2020,3,12.538732160802397,0.1958485071737357,AutoBNN - Temperature Anom Lags
San Joaquin,2020,4,16.578013025909286,0.1623434169123871,AutoBNN - Temperature Anom Lags
San Joaquin,2020,5,21.124106947304146,0.3437636173012281,AutoBNN - Temperature Anom Lags
San Joaquin,2020,6,23.83883922466407,0.1631550883163105,AutoBNN - Temperature Anom Lags
San Joaquin,2020,7,23.82619249676827,0.22613707249664297,AutoBNN - Temperature Anom Lags
San Joaquin,2020,8,25.642774612521293,0.21368184780833704,AutoBNN - Temperature Anom Lags
San Joaquin,2020,9,23.20443135979383,0.2762078175400243,AutoBNN - Temperature Anom Lags
San Joaquin,2020,10,19.665738632464524,0.34158798153954323,AutoBNN - Temperature Anom Lags
San Joaquin,2020,11,11.68243362122564,0.37401251235393557,AutoBNN - Temperature Anom Lags
San Joaquin,2020,12,9.107163091400992,0.17473492676034716,AutoBNN - Temperature Anom Lags
Solano,2020,1,9.869595080654337,0.15493031006569813,AutoBNN - Temperature Anom Lags
Solano,2020,2,12.984917408698491,0.2726170587961119,AutoBNN - Temperature Anom Lags
Solano,2020,3,12.738708389137116,0.15587665182622995,AutoBNN - Temperature Anom Lags
Solano,2020,4,16.758976196906872,0.17157815882051833,AutoBNN - Temperature Anom Lags
Solano,2020,5,20.25786593376131,0.27161799734289,AutoBNN - Temperature Anom Lags
Solano,2020,6,22.592310100389795,0.16854066930033942,AutoBNN - Temperature Anom Lags
Solano,2020,7,22.110620245622613,0.21153527986822704,AutoBNN - Temperature Anom Lags
Solano,2020,8,24.32397677126136,0.286254754548121,AutoBNN - Temperature Anom Lags
Solano,2020,9,23.07919901422485,0.47489252456510916,AutoBNN - Temperature Anom Lags
Solano,2020,10,20.29903978176071,0.7190247101253934,AutoBNN - Temperature Anom Lags
Solano,2020,11,12.273181693372408,0.28649701229550617,AutoBNN - Temperature Anom Lags
Solano,2020,12,10.0748560425576,0.18490872560125404,AutoBNN - Temperature Anom Lags
Stanislaus,2020,1,9.554082430387098,0.1622579990462823,AutoBNN - Temperature Anom Lags
Stanislaus,2020,2,12.275389677982048,0.17872702674432236,AutoBNN - Temperature Anom Lags
Stanislaus,2020,3,12.507729097177446,0.19458288336643062,AutoBNN - Temperature Anom Lags
Stanislaus,2020,4,16.599417968351474,0.17163413533056626,AutoBNN - Temperature Anom Lags
Stanislaus,2020,5,21.638026919104448,0.3356892622119248,AutoBNN - Temperature Anom Lags
Stanislaus,2020,6,24.80545429852748,0.18430844406286873,AutoBNN - Temperature Anom Lags
Stanislaus,2020,7,26.24771224385188,0.17286473766420826,AutoBNN - Temperature Anom Lags
Stanislaus,2020,8,27.73550791488861,0.26174902701618696,AutoBNN - Temperature Anom Lags
Stanislaus,2020,9,24.772663441648604,0.2920793303576382,AutoBNN - Temperature Anom Lags
Stanislaus,2020,10,20.51017619193459,0.4100387806362576,AutoBNN - Temperature Anom Lags
Stanislaus,2020,11,12.071475029197131,0.27262985930900374,AutoBNN - Temperature Anom Lags
Stanislaus,2020,12,9.347223622918987,0.16531200285511788,AutoBNN - Temperature Anom Lags
Tulare,2020,1,4.068016476458297,0.23425458965954754,AutoBNN - Temperature Anom Lags
Tulare,2020,2,6.510415821560571,0.14647633126889814,AutoBNN - Temperature Anom Lags
Tulare,2020,3,6.308982502318031,0.3094233704757209,AutoBNN - Temperature Anom Lags
Tulare,2020,4,10.796111516176666,0.15253308596033038,AutoBNN - Temperature Anom Lags
Tulare,2020,5,16.311726300935447,0.16963649275326964,AutoBNN - Temperature Anom Lags
Tulare,2020,6,20.23502237467494,0.2655294256559526,AutoBNN - Temperature Anom Lags
Tulare,2020,7,24.24502975479595,0.18054221580124863,AutoBNN - Temperature Anom Lags
Tulare,2020,8,25.026722709460103,0.4531510204618628,AutoBNN - Temperature Anom Lags
Tulare,2020,9,21.88870464304523,0.4582958907912475,AutoBNN - Temperature Anom Lags
Tulare,2020,10,17.329276197295485,0.8177226664080764,AutoBNN - Temperature Anom Lags
Tulare,2020,11,8.01923258280857,0.17661273204467515,AutoBNN - Temperature Anom Lags
Tulare,2020,12,4.9370526872558,0.14940099783015973,AutoBNN - Temperature Anom Lags
Fresno,2021,1,5.739666341739621,0.1767741266555256,AutoBNN - Temperature Anom Lags
Fresno,2021,2,7.0150901792681,0.1676634792125586,AutoBNN - Temperature Anom Lags
Fresno,2021,3,7.365177722170358,0.24876874331874077,AutoBNN - Temperature Anom Lags
Fresno,2021,4,12.875383627824933,0.35107467387059726,AutoBNN - Temperature Anom Lags
Fresno,2021,5,17.087489589181814,0.2025806823764185,AutoBNN - Temperature Anom Lags
Fresno,2021,6,23.38113408560816,0.707343583046788,AutoBNN - Temperature Anom Lags
Fresno,2021,7,26.44389333685632,0.5869862041088066,AutoBNN - Temperature Anom Lags
Fresno,2021,8,24.83330259999127,0.14486231424591756,AutoBNN - Temperature Anom Lags
Fresno,2021,9,21.91770857753494,0.22291081205160931,AutoBNN - Temperature Anom Lags
Fresno,2021,10,13.654789067661229,0.16122209410474755,AutoBNN - Temperature Anom Lags
Fresno,2021,11,10.638183376599216,0.4798923200549501,AutoBNN - Temperature Anom Lags
Fresno,2021,12,5.344015030956086,0.14905321994213142,AutoBNN - Temperature Anom Lags
Kern,2021,1,8.634367416396401,0.19753102601477593,AutoBNN - Temperature Anom Lags
Kern,2021,2,10.040222952661054,0.2981479084822866,AutoBNN - Temperature Anom Lags
Kern,2021,3,10.869266790836036,0.24522029729503572,AutoBNN - Temperature Anom Lags
Kern,2021,4,16.725144115626335,0.7532724915730833,AutoBNN - Temperature Anom Lags
Kern,2021,5,20.85520003963205,0.622663352862753,AutoBNN - Temperature Anom Lags
Kern,2021,6,26.74432302749267,0.8865553481530661,AutoBNN - Temperature Anom Lags
Kern,2021,7,29.60345736411284,0.7027213764431501,AutoBNN - Temperature Anom Lags
Kern,2021,8,27.846067228304605,0.1641040756124438,AutoBNN - Temperature Anom Lags
Kern,2021,9,24.40349486532284,0.1705715989223634,AutoBNN - Temperature Anom Lags
Kern,2021,10,16.151525198268303,0.18983998264327195,AutoBNN - Temperature Anom Lags
Kern,2021,11,13.524284612892018,0.6638287067654158,AutoBNN - Temperature Anom Lags
Kern,2021,12,7.756337323042317,0.2094804916583528,AutoBNN - Temperature Anom Lags
Los Angeles,2021,1,10.712603414568548,0.15430530967736486,AutoBNN - Temperature Anom Lags
Los Angeles,2021,2,11.796214269627171,0.2839640474680698,AutoBNN - Temperature Anom Lags
Los Angeles,2021,3,11.42546891745468,0.18991230718415197,AutoBNN - Temperature Anom Lags
Los Angeles,2021,4,16.203830947994845,0.6485477134796104,AutoBNN - Temperature Anom Lags
Los Angeles,2021,5,18.31698935967603,0.48160417152474627,AutoBNN - Temperature Anom Lags
Los Angeles,2021,6,23.223466333250823,0.7465335026293091,AutoBNN - Temperature Anom Lags
Los Angeles,2021,7,25.57743042339393,0.4077000980666189,AutoBNN - Temperature Anom Lags
Los Angeles,2021,8,24.81530958009085,0.22670794654976237,AutoBNN - Temperature Anom Lags
Los Angeles,2021,9,22.78559870290212,0.20853819069537247,AutoBNN - Temperature Anom Lags
Los Angeles,2021,10,16.93266321459896,0.16255894237395482,AutoBNN - Temperature Anom Lags
Los Angeles,2021,11,15.80056770198621,0.8123123285505509,AutoBNN - Temperature Anom Lags
Los Angeles,2021,12,9.535495374673928,0.2173561467158824,AutoBNN - Temperature Anom Lags
Merced,2021,1,10.31936548288843,0.21496967499304298,AutoBNN - Temperature Anom Lags
Merced,2021,2,11.654070874353351,0.18021340418343593,AutoBNN - Temperature Anom Lags
Merced,2021,3,12.626959067205576,0.24512078358067402,AutoBNN - Temperature Anom Lags
Merced,2021,4,17.360601296423454,0.19649836452320363,AutoBNN - Temperature Anom Lags
Merced,2021,5,21.113949209001703,0.3488538142346373,AutoBNN - Temperature Anom Lags
Merced,2021,6,25.66721011468871,0.20057725577643426,AutoBNN - Temperature Anom Lags
Merced,2021,7,28.33364728406036,0.3726486580660848,AutoBNN - Temperature Anom Lags
Merced,2021,8,26.813096613600464,0.16850876218742794,AutoBNN - Temperature Anom Lags
Merced,2021,9,24.384252122499102,0.14922719464759635,AutoBNN - Temperature Anom Lags
Merced,2021,10,17.822873352193994,0.3849520977488672,AutoBNN - Temperature Anom Lags
Merced,2021,11,13.816422736940469,0.18890579135128946,AutoBNN - Temperature Anom Lags
Merced,2021,12,9.402712394753737,0.16927174717413657,AutoBNN - Temperature Anom Lags
Orange,2021,1,13.335522949332471,0.1707654632733326,AutoBNN - Temperature Anom Lags
Orange,2021,2,13.813124032716589,0.1647602342264821,AutoBNN - Temperature Anom Lags
Orange,2021,3,13.25229742965513,0.23773999465836418,AutoBNN - Temperature Anom Lags
Orange,2021,4,16.235468533514336,0.20973021468429856,AutoBNN - Temperature Anom Lags
Orange,2021,5,17.24675965304533,0.18721579454500561,AutoBNN - Temperature Anom Lags
Orange,2021,6,20.1382511047708,0.16715851092579384,AutoBNN - Temperature Anom Lags
Orange,2021,7,22.645617611276805,0.16889016323619419,AutoBNN - Temperature Anom Lags
Orange,2021,8,22.70095154540252,0.27810119259387556,AutoBNN - Temperature Anom Lags
Orange,2021,9,21.611029320832017,0.20969332271895252,AutoBNN - Temperature Anom Lags
Orange,2021,10,18.527005088951285,0.34935406228508603,AutoBNN - Temperature Anom Lags
Orange,2021,11,17.0917919391523,0.4272168684126151,AutoBNN - Temperature Anom Lags
Orange,2021,12,12.212491886846236,0.25098460249151244,AutoBNN - Temperature Anom Lags
Placer,2021,1,4.140012746815046,0.15660783035586578,AutoBNN - Temperature Anom Lags
Placer,2021,2,5.074601401668758,0.21750100611059953,AutoBNN - Temperature Anom Lags
Placer,2021,3,5.095051671521787,0.43362607122671715,AutoBNN - Temperature Anom Lags
Placer,2021,4,10.288559916226404,0.20091333097881744,AutoBNN - Temperature Anom Lags
Placer,2021,5,14.992363179321387,0.14709941514212677,AutoBNN - Temperature Anom Lags
Placer,2021,6,21.018503326987,0.761163058461565,AutoBNN - Temperature Anom Lags
Placer,2021,7,24.14672236387532,0.5323376887013215,AutoBNN - Temperature Anom Lags
Placer,2021,8,22.25034253282729,0.3335206642174962,AutoBNN - Temperature Anom Lags
Placer,2021,9,19.292067822431363,0.1913086995873788,AutoBNN - Temperature Anom Lags
Placer,2021,10,11.27512191338286,0.31166682290308406,AutoBNN - Temperature Anom Lags
Placer,2021,11,8.990140175191925,0.30693115169351753,AutoBNN - Temperature Anom Lags
Placer,2021,12,3.677161738106065,0.1772117058044732,AutoBNN - Temperature Anom Lags
Riverside,2021,1,11.58988923731738,0.21990190611568966,AutoBNN - Temperature Anom Lags
Riverside,2021,2,13.986048336890804,0.24611854665809205,AutoBNN - Temperature Anom Lags
Riverside,2021,3,14.24373260824325,0.3469753884546684,AutoBNN - Temperature Anom Lags
Riverside,2021,4,20.69692559949516,0.6305779137033405,AutoBNN - Temperature Anom Lags
Riverside,2021,5,23.63914089761664,0.5778253984421191,AutoBNN - Temperature Anom Lags
Riverside,2021,6,30.299603156850083,1.0555930048528344,AutoBNN - Temperature Anom Lags
Riverside,2021,7,32.01326931554348,0.1523440944305574,AutoBNN - Temperature Anom Lags
Riverside,2021,8,31.366853675275024,0.34253405688989036,AutoBNN - Temperature Anom Lags
Riverside,2021,9,28.364737652675103,0.14813861277368334,AutoBNN - Temperature Anom Lags
Riverside,2021,10,19.85606359243264,0.6503261080293942,AutoBNN - Temperature Anom Lags
Riverside,2021,11,18.0609144987298,0.7631366611851585,AutoBNN - Temperature Anom Lags
Riverside,2021,12,11.110621476154847,0.192218813194771,AutoBNN - Temperature Anom Lags
Sacramento,2021,1,9.780501411758564,0.21854247015534023,AutoBNN - Temperature Anom Lags
Sacramento,2021,2,11.530950285462607,0.1615336780927398,AutoBNN - Temperature Anom Lags
Sacramento,2021,3,12.330077216456004,0.2614886502063635,AutoBNN - Temperature Anom Lags
Sacramento,2021,4,16.666206350144535,0.16208424430904964,AutoBNN - Temperature Anom Lags
Sacramento,2021,5,20.74188759474731,0.23703531510300108,AutoBNN - Temperature Anom Lags
Sacramento,2021,6,23.60488843626172,0.25442501242112625,AutoBNN - Temperature Anom Lags
Sacramento,2021,7,24.48564170781782,0.1555807521036177,AutoBNN - Temperature Anom Lags
Sacramento,2021,8,23.678829024978427,0.4520995040012128,AutoBNN - Temperature Anom Lags
Sacramento,2021,9,22.38022006476604,0.1991592710818907,AutoBNN - Temperature Anom Lags
Sacramento,2021,10,16.970811561938888,0.4877935835418075,AutoBNN - Temperature Anom Lags
Sacramento,2021,11,12.666499393724507,0.20869334760037334,AutoBNN - Temperature Anom Lags
Sacramento,2021,12,8.591871034905864,0.2474513883843566,AutoBNN - Temperature Anom Lags
San Bernardino,2021,1,9.656289249371014,0.20712834822484338,AutoBNN - Temperature Anom Lags
San Bernardino,2021,2,12.108558266864009,0.17771129378766723,AutoBNN - Temperature Anom Lags
San Bernardino,2021,3,13.16307677395281,0.323579317186818,AutoBNN - Temperature Anom Lags
San Bernardino,2021,4,20.16580021444128,0.7356011635727354,AutoBNN - Temperature Anom Lags
San Bernardino,2021,5,24.068040185989503,0.5812998760047585,AutoBNN - Temperature Anom Lags
San Bernardino,2021,6,31.073205135009346,1.2561726096663812,AutoBNN - Temperature Anom Lags
San Bernardino,2021,7,32.88698543773131,0.2288922357679618,AutoBNN - Temperature Anom Lags
San Bernardino,2021,8,31.64617473928996,0.32071854289734,AutoBNN - Temperature Anom Lags
San Bernardino,2021,9,28.03568846085085,0.15801136175791422,AutoBNN - Temperature Anom Lags
San Bernardino,2021,10,18.50628372034373,0.6214789114215157,AutoBNN - Temperature Anom Lags
San Bernardino,2021,11,16.267183119788058,0.9025357319128634,AutoBNN - Temperature Anom Lags
San Bernardino,2021,12,9.05081378827282,0.1940254964446178,AutoBNN - Temperature Anom Lags
San Joaquin,2021,1,9.961525068876142,0.17805699456821786,AutoBNN - Temperature Anom Lags
San Joaquin,2021,2,11.639395559282889,0.16001811286716752,AutoBNN - Temperature Anom Lags
San Joaquin,2021,3,12.479057985336851,0.22995790458989862,AutoBNN - Temperature Anom Lags
San Joaquin,2021,4,16.525153763900562,0.16216320072761686,AutoBNN - Temperature Anom Lags
San Joaquin,2021,5,20.3310128607526,0.37390447597913073,AutoBNN - Temperature Anom Lags
San Joaquin,2021,6,23.390079127263,0.20884794213555077,AutoBNN - Temperature Anom Lags
San Joaquin,2021,7,24.83082807122247,0.17356287877969065,AutoBNN - Temperature Anom Lags
San Joaquin,2021,8,23.71210544793212,0.5064313543204104,AutoBNN - Temperature Anom Lags
San Joaquin,2021,9,22.02829748129949,0.19628433040296184,AutoBNN - Temperature Anom Lags
San Joaquin,2021,10,16.970893110239842,0.4253443051678966,AutoBNN - Temperature Anom Lags
San Joaquin,2021,11,12.773815008662552,0.1944488863090072,AutoBNN - Temperature Anom Lags
San Joaquin,2021,12,8.77699700851963,0.2038439835608005,AutoBNN - Temperature Anom Lags
Solano,2021,1,10.505655722210918,0.20535202807248243,AutoBNN - Temperature Anom Lags
Solano,2021,2,12.301731715042536,0.23794360733393463,AutoBNN - Temperature Anom Lags
Solano,2021,3,12.68874769526076,0.17726475041322035,AutoBNN - Temperature Anom Lags
Solano,2021,4,16.013196623991917,0.15899173034562006,AutoBNN - Temperature Anom Lags
Solano,2021,5,19.820282999021288,0.30071632402713855,AutoBNN - Temperature Anom Lags
Solano,2021,6,21.75793108477717,0.3352042111995244,AutoBNN - Temperature Anom Lags
Solano,2021,7,21.773489227848927,0.2754916152568778,AutoBNN - Temperature Anom Lags
Solano,2021,8,21.798884838896186,0.7126168603608101,AutoBNN - Temperature Anom Lags
Solano,2021,9,21.164872974337698,0.35317196316339755,AutoBNN - Temperature Anom Lags
Solano,2021,10,16.90851601718464,0.35326541453298904,AutoBNN - Temperature Anom Lags
Solano,2021,11,13.303770434002445,0.2038722028726279,AutoBNN - Temperature Anom Lags
Solano,2021,12,8.991566600606859,0.4450393209373108,AutoBNN - Temperature Anom Lags
Stanislaus,2021,1,10.059577104554023,0.18635632710625424,AutoBNN - Temperature Anom Lags
Stanislaus,2021,2,11.414284891463469,0.2123816453748279,AutoBNN - Temperature Anom Lags
Stanislaus,2021,3,12.236804017745214,0.2636415513597354,AutoBNN - Temperature Anom Lags
Stanislaus,2021,4,16.996227254933274,0.2140644732749823,AutoBNN - Temperature Anom Lags
Stanislaus,2021,5,20.977164956571244,0.34331373693365036,AutoBNN - Temperature Anom Lags
Stanislaus,2021,6,25.043183602647844,0.14611321035057606,AutoBNN - Temperature Anom Lags
Stanislaus,2021,7,27.535112323479662,0.2969676095066649,AutoBNN - Temperature Anom Lags
Stanislaus,2021,8,25.956538805459616,0.17753818315689004,AutoBNN - Temperature Anom Lags
Stanislaus,2021,9,23.71259915896036,0.1741119698021147,AutoBNN - Temperature Anom Lags
Stanislaus,2021,10,17.33823323480277,0.5656525477766989,AutoBNN - Temperature Anom Lags
Stanislaus,2021,11,13.221782115567464,0.16991891668902498,AutoBNN - Temperature Anom Lags
Stanislaus,2021,12,8.98890396851914,0.24930415573595746,AutoBNN - Temperature Anom Lags
Tulare,2021,1,4.609299594534377,0.17211715620274493,AutoBNN - Temperature Anom Lags
Tulare,2021,2,5.835125942535569,0.14469635655783641,AutoBNN - Temperature Anom Lags
Tulare,2021,3,5.993906312035165,0.2916452789366847,AutoBNN - Temperature Anom Lags
Tulare,2021,4,11.83269375014379,0.3733454572672796,AutoBNN - Temperature Anom Lags
Tulare,2021,5,16.429501978117287,0.29822624901328426,AutoBNN - Temperature Anom Lags
Tulare,2021,6,23.24581092250753,0.9498209347628583,AutoBNN - Temperature Anom Lags
Tulare,2021,7,26.25927676049946,0.5240650976426673,AutoBNN - Temperature Anom Lags
Tulare,2021,8,24.725901479998697,0.1615512241377975,AutoBNN - Temperature Anom Lags
Tulare,2021,9,21.53438548773687,0.1727879005851167,AutoBNN - Temperature Anom Lags
Tulare,2021,10,12.81915141514594,0.15764906870596335,AutoBNN - Temperature Anom Lags
Tulare,2021,11,10.366331421723146,0.6354367045561472,AutoBNN - Temperature Anom Lags
Tulare,2021,12,4.352208973444874,0.19096346354845795,AutoBNN - Temperature Anom Lags
Fresno,2022,1,5.83772758569728,0.14769565300809012,AutoBNN - Temperature Anom Lags
Fresno,2022,2,6.80540405309921,0.2537220922413499,AutoBNN - Temperature Anom Lags
Fresno,2022,3,10.205065886979924,0.651065918911587,AutoBNN - Temperature Anom Lags
Fresno,2022,4,12.438805150016831,0.14900581093147544,AutoBNN - Temperature Anom Lags
Fresno,2022,5,16.7146020957573,0.1780553198402578,AutoBNN - Temperature Anom Lags
Fresno,2022,6,22.351733685383977,0.25365895796303795,AutoBNN - Temperature Anom Lags
Fresno,2022,7,25.60398634534846,0.17112908772747928,AutoBNN - Temperature Anom Lags
Fresno,2022,8,25.567076527817903,0.28800407077326917,AutoBNN - Temperature Anom Lags
Fresno,2022,9,22.858099785221725,0.734961344521455,AutoBNN - Temperature Anom Lags
Fresno,2022,10,16.89139758322557,0.6018797994021213,AutoBNN - Temperature Anom Lags
Fresno,2022,11,6.096910653150701,1.4238570764329697,AutoBNN - Temperature Anom Lags
Fresno,2022,12,4.566309810404448,0.2248200130598112,AutoBNN - Temperature Anom Lags
Kern,2022,1,8.801778850852656,0.1717338033366685,AutoBNN - Temperature Anom Lags
Kern,2022,2,10.04735314364001,0.32837293717295235,AutoBNN - Temperature Anom Lags
Kern,2022,3,13.255765256818565,0.5221989083049273,AutoBNN - Temperature Anom Lags
Kern,2022,4,15.79005595889396,0.27274445860674884,AutoBNN - Temperature Anom Lags
Kern,2022,5,19.56561393744749,0.3094700827502241,AutoBNN - Temperature Anom Lags
Kern,2022,6,24.849012748884945,0.4322676549054155,AutoBNN - Temperature Anom Lags
Kern,2022,7,28.141998482834257,0.14763516218373268,AutoBNN - Temperature Anom Lags
Kern,2022,8,28.64678048363254,0.33003158837857866,AutoBNN - Temperature Anom Lags
Kern,2022,9,25.70758599346692,0.6622085598743325,AutoBNN - Temperature Anom Lags
Kern,2022,10,19.56300036975017,0.6892074860948506,AutoBNN - Temperature Anom Lags
Kern,2022,11,9.404840279390667,1.144757321771949,AutoBNN - Temperature Anom Lags
Kern,2022,12,7.623090614188072,0.1675796654692503,AutoBNN - Temperature Anom Lags
Los Angeles,2022,1,11.059569334139953,0.2142743172790065,AutoBNN - Temperature Anom Lags
Los Angeles,2022,2,11.871456405717026,0.23171451483712052,AutoBNN - Temperature Anom Lags
Los Angeles,2022,3,14.199501844082704,0.7009109177733915,AutoBNN - Temperature Anom Lags
Los Angeles,2022,4,16.299418330197398,0.262470828752325,AutoBNN - Temperature Anom Lags
Los Angeles,2022,5,18.33389324245292,0.1507124527837291,AutoBNN - Temperature Anom Lags
Los Angeles,2022,6,22.82882072279898,0.14227467123908227,AutoBNN - Temperature Anom Lags
Los Angeles,2022,7,24.478498460663047,0.28450573128281215,AutoBNN - Temperature Anom Lags
Los Angeles,2022,8,25.90758350732733,0.42254993813206454,AutoBNN - Temperature Anom Lags
Los Angeles,2022,9,24.512387906566342,0.5953888244701154,AutoBNN - Temperature Anom Lags
Los Angeles,2022,10,19.32728842123976,0.24397202792191747,AutoBNN - Temperature Anom Lags
Los Angeles,2022,11,11.660023494447785,0.7887330980132322,AutoBNN - Temperature Anom Lags
Los Angeles,2022,12,9.62968178204568,0.1473701680195753,AutoBNN - Temperature Anom Lags
Merced,2022,1,9.856999011797882,0.1484928674679814,AutoBNN - Temperature Anom Lags
Merced,2022,2,11.37943865647526,0.26703360922860375,AutoBNN - Temperature Anom Lags
Merced,2022,3,15.246923879851806,0.5964342562718825,AutoBNN - Temperature Anom Lags
Merced,2022,4,17.217572697283174,0.1807150032724997,AutoBNN - Temperature Anom Lags
Merced,2022,5,20.94191059870485,0.2031353701425321,AutoBNN - Temperature Anom Lags
Merced,2022,6,25.864901163712545,0.18654015948074035,AutoBNN - Temperature Anom Lags
Merced,2022,7,27.368340182503857,0.2878646158449577,AutoBNN - Temperature Anom Lags
Merced,2022,8,27.820412854038125,0.3880367517471314,AutoBNN - Temperature Anom Lags
Merced,2022,9,25.885337205033125,0.6802838048670029,AutoBNN - Temperature Anom Lags
Merced,2022,10,19.94370189637772,0.22692461181168602,AutoBNN - Temperature Anom Lags
Merced,2022,11,10.58055006741813,1.0501987280869722,AutoBNN - Temperature Anom Lags
Merced,2022,12,8.9181054001441,0.22333545416292516,AutoBNN - Temperature Anom Lags
Orange,2022,1,13.423766726041038,0.1877190243987122,AutoBNN - Temperature Anom Lags
Orange,2022,2,13.988387629875149,0.3841380307409499,AutoBNN - Temperature Anom Lags
Orange,2022,3,15.364923753961875,0.40085390342004373,AutoBNN - Temperature Anom Lags
Orange,2022,4,16.897557453840534,0.47123295470319615,AutoBNN - Temperature Anom Lags
Orange,2022,5,17.429155860825404,0.157325515367768,AutoBNN - Temperature Anom Lags
Orange,2022,6,20.98238011016042,0.2115063561574377,AutoBNN - Temperature Anom Lags
Orange,2022,7,21.76018894632415,0.3425256821287401,AutoBNN - Temperature Anom Lags
Orange,2022,8,23.8169396325024,0.275129829843839,AutoBNN - Temperature Anom Lags
Orange,2022,9,24.55325643885925,0.7371339838071302,AutoBNN - Temperature Anom Lags
Orange,2022,10,19.76846150070856,0.15647508685034936,AutoBNN - Temperature Anom Lags
Orange,2022,11,14.49038924536086,0.5616888558051804,AutoBNN - Temperature Anom Lags
Orange,2022,12,12.616945694402432,0.16843269095426855,AutoBNN - Temperature Anom Lags
Placer,2022,1,4.632837605484156,0.18790420469611582,AutoBNN - Temperature Anom Lags
Placer,2022,2,4.9031513591882,0.27042280729483775,AutoBNN - Temperature Anom Lags
Placer,2022,3,8.35833703166486,0.7326842367649077,AutoBNN - Temperature Anom Lags
Placer,2022,4,9.484580553687351,0.2029308520754178,AutoBNN - Temperature Anom Lags
Placer,2022,5,13.850460834030116,0.27610232198027646,AutoBNN - Temperature Anom Lags
Placer,2022,6,19.50996039759201,0.31043931326480817,AutoBNN - Temperature Anom Lags
Placer,2022,7,23.103441736199784,0.24912283696911555,AutoBNN - Temperature Anom Lags
Placer,2022,8,23.63802439969129,0.4708098451416902,AutoBNN - Temperature Anom Lags
Placer,2022,9,20.71146645615596,0.5605605693296952,AutoBNN - Temperature Anom Lags
Placer,2022,10,15.113455933732496,0.30154072155856126,AutoBNN - Temperature Anom Lags
Placer,2022,11,4.180247388489818,1.664546103056031,AutoBNN - Temperature Anom Lags
Placer,2022,12,3.089858581572116,0.2328408881163958,AutoBNN - Temperature Anom Lags
Riverside,2022,1,12.481167436647752,0.17064824227130773,AutoBNN - Temperature Anom Lags
Riverside,2022,2,13.016571385875976,0.16875370246668653,AutoBNN - Temperature Anom Lags
Riverside,2022,3,16.966981417639715,0.487521854151379,AutoBNN - Temperature Anom Lags
Riverside,2022,4,20.523547659005143,0.26067388650744855,AutoBNN - Temperature Anom Lags
Riverside,2022,5,23.77132701638885,0.14682494539805133,AutoBNN - Temperature Anom Lags
Riverside,2022,6,29.188908816788228,0.25322348404412315,AutoBNN - Temperature Anom Lags
Riverside,2022,7,31.238625572675403,0.2390227804581324,AutoBNN - Temperature Anom Lags
Riverside,2022,8,31.2939406305764,0.140420396701254,AutoBNN - Temperature Anom Lags
Riverside,2022,9,28.739167348987223,0.20705132063591117,AutoBNN - Temperature Anom Lags
Riverside,2022,10,22.177353452051648,0.1471303696704633,AutoBNN - Temperature Anom Lags
Riverside,2022,11,12.97554938886725,1.2452470725232905,AutoBNN - Temperature Anom Lags
Riverside,2022,12,10.82158613978089,0.1835240276105175,AutoBNN - Temperature Anom Lags
Sacramento,2022,1,9.104845730974375,0.15434495655424665,AutoBNN - Temperature Anom Lags
Sacramento,2022,2,10.613820430627923,0.16056147517429456,AutoBNN - Temperature Anom Lags
Sacramento,2022,3,14.75848318330651,0.5466250129179522,AutoBNN - Temperature Anom Lags
Sacramento,2022,4,16.779858099227226,0.2073245105177465,AutoBNN - Temperature Anom Lags
Sacramento,2022,5,20.942815186746657,0.16181888951797677,AutoBNN - Temperature Anom Lags
Sacramento,2022,6,25.10236425064432,0.3271658525683664,AutoBNN - Temperature Anom Lags
Sacramento,2022,7,24.12627816202422,0.24915516732467544,AutoBNN - Temperature Anom Lags
Sacramento,2022,8,25.30384171182442,0.34784086005254217,AutoBNN - Temperature Anom Lags
Sacramento,2022,9,24.55208179653852,0.5173028147461438,AutoBNN - Temperature Anom Lags
Sacramento,2022,10,18.89592275776129,0.18153320081908295,AutoBNN - Temperature Anom Lags
Sacramento,2022,11,10.470679941224487,0.8116326552509056,AutoBNN - Temperature Anom Lags
Sacramento,2022,12,8.283182761466719,0.41471366593633036,AutoBNN - Temperature Anom Lags
San Bernardino,2022,1,10.047369525671172,0.15647819758665682,AutoBNN - Temperature Anom Lags
San Bernardino,2022,2,11.319998073820043,0.15996398026142455,AutoBNN - Temperature Anom Lags
San Bernardino,2022,3,15.7440319471404,0.5151821758590563,AutoBNN - Temperature Anom Lags
San Bernardino,2022,4,19.68921383460173,0.32235032397087177,AutoBNN - Temperature Anom Lags
San Bernardino,2022,5,23.612147139879653,0.2241455138151091,AutoBNN - Temperature Anom Lags
San Bernardino,2022,6,29.343477945072607,0.45803688769388673,AutoBNN - Temperature Anom Lags
San Bernardino,2022,7,31.96359184923648,0.2731400321890609,AutoBNN - Temperature Anom Lags
San Bernardino,2022,8,31.586658879913045,0.14389799840522535,AutoBNN - Temperature Anom Lags
San Bernardino,2022,9,28.54033957345547,0.29083980685532695,AutoBNN - Temperature Anom Lags
San Bernardino,2022,10,21.496825354289115,0.23024097717771627,AutoBNN - Temperature Anom Lags
San Bernardino,2022,11,10.939937592848024,1.1020643708802234,AutoBNN - Temperature Anom Lags
San Bernardino,2022,12,8.728443729729918,0.24260694798684176,AutoBNN - Temperature Anom Lags
San Joaquin,2022,1,9.206453426215262,0.16496318759791775,AutoBNN - Temperature Anom Lags
San Joaquin,2022,2,10.581955372675282,0.15433980009471526,AutoBNN - Temperature Anom Lags
San Joaquin,2022,3,14.522868210294234,0.3803151516601293,AutoBNN - Temperature Anom Lags
San Joaquin,2022,4,16.410126520043434,0.15931006894569208,AutoBNN - Temperature Anom Lags
San Joaquin,2022,5,20.127857443321545,0.17661074828619908,AutoBNN - Temperature Anom Lags
San Joaquin,2022,6,24.16793424564344,0.15815169033378063,AutoBNN - Temperature Anom Lags
San Joaquin,2022,7,23.613204144421672,0.4759600976831985,AutoBNN - Temperature Anom Lags
San Joaquin,2022,8,24.40395966194604,0.20770351938527037,AutoBNN - Temperature Anom Lags
San Joaquin,2022,9,23.617279735008367,0.33487414019276396,AutoBNN - Temperature Anom Lags
San Joaquin,2022,10,18.127065697282603,0.206370179126359,AutoBNN - Temperature Anom Lags
San Joaquin,2022,11,10.09809127626329,1.0086386683974604,AutoBNN - Temperature Anom Lags
San Joaquin,2022,12,8.351540304909463,0.3716758037095118,AutoBNN - Temperature Anom Lags
Solano,2022,1,9.796016636226057,0.14770266042514282,AutoBNN - Temperature Anom Lags
Solano,2022,2,11.8554757646383,0.14830830711909015,AutoBNN - Temperature Anom Lags
Solano,2022,3,14.494056029620936,0.41781008502449657,AutoBNN - Temperature Anom Lags
Solano,2022,4,16.245818579899833,0.24256564244477438,AutoBNN - Temperature Anom Lags
Solano,2022,5,19.768492803660365,0.1575138676286948,AutoBNN - Temperature Anom Lags
Solano,2022,6,23.25663649271246,0.46499020782384015,AutoBNN - Temperature Anom Lags
Solano,2022,7,21.60771228657052,0.2703212460649736,AutoBNN - Temperature Anom Lags
Solano,2022,8,22.9166904237357,0.1914449918089491,AutoBNN - Temperature Anom Lags
Solano,2022,9,22.783010420755545,0.3633692102239589,AutoBNN - Temperature Anom Lags
Solano,2022,10,17.85508701000151,0.23921079128679604,AutoBNN - Temperature Anom Lags
Solano,2022,11,10.968668432686629,0.8359206717664546,AutoBNN - Temperature Anom Lags
Solano,2022,12,8.534896989148535,0.6078747102287081,AutoBNN - Temperature Anom Lags
Stanislaus,2022,1,9.473778449907796,0.17659588066315413,AutoBNN - Temperature Anom Lags
Stanislaus,2022,2,10.941286632941228,0.18922757083343136,AutoBNN - Temperature Anom Lags
Stanislaus,2022,3,14.84975094149894,0.5938479986816946,AutoBNN - Temperature Anom Lags
Stanislaus,2022,4,16.678622865329316,0.1668967439128895,AutoBNN - Temperature Anom Lags
Stanislaus,2022,5,20.50352461236713,0.24259429848555358,AutoBNN - Temperature Anom Lags
Stanislaus,2022,6,25.333364328257577,0.15563354486166828,AutoBNN - Temperature Anom Lags
Stanislaus,2022,7,26.33389008043423,0.4246725148203397,AutoBNN - Temperature Anom Lags
Stanislaus,2022,8,26.898889419211,0.2741738921343678,AutoBNN - Temperature Anom Lags
Stanislaus,2022,9,25.224825543076804,0.4496463894241988,AutoBNN - Temperature Anom Lags
Stanislaus,2022,10,19.366241921231165,0.16627339569005098,AutoBNN - Temperature Anom Lags
Stanislaus,2022,11,10.111140951800962,0.9745311213743805,AutoBNN - Temperature Anom Lags
Stanislaus,2022,12,8.462851174013167,0.29217776195870504,AutoBNN - Temperature Anom Lags
Tulare,2022,1,4.486374848774233,0.15347554308748002,AutoBNN - Temperature Anom Lags
Tulare,2022,2,5.026430567973648,0.1617474758737918,AutoBNN - Temperature Anom Lags
Tulare,2022,3,8.48853181723041,0.44812995907333164,AutoBNN - Temperature Anom Lags
Tulare,2022,4,11.346770897837018,0.1596370040708118,AutoBNN - Temperature Anom Lags
Tulare,2022,5,15.725101319525097,0.20534549739023653,AutoBNN - Temperature Anom Lags
Tulare,2022,6,21.14158538870612,0.5668009947887575,AutoBNN - Temperature Anom Lags
Tulare,2022,7,24.90441237828668,0.1723171373930844,AutoBNN - Temperature Anom Lags
Tulare,2022,8,25.09614169053713,0.16700122698388914,AutoBNN - Temperature Anom Lags
Tulare,2022,9,22.40520256248084,0.49252370334634876,AutoBNN - Temperature Anom Lags
Tulare,2022,10,16.29709263371859,0.6603486833307479,AutoBNN - Temperature Anom Lags
Tulare,2022,11,5.048057843462743,1.6498310454445655,AutoBNN - Temperature Anom Lags
Tulare,2022,12,3.547756511059845,0.3469359911933089,AutoBNN - Temperature Anom Lags
Fresno,2023,1,4.845747882872217,0.24552153656127473,AutoBNN - Temperature Anom Lags
Fresno,2023,2,4.241971456664828,0.44048187496686214,AutoBNN - Temperature Anom Lags
Fresno,2023,3,6.04773968143968,1.5226461819205621,AutoBNN - Temperature Anom Lags
Fresno,2023,4,11.726772934920518,0.15263656526502936,AutoBNN - Temperature Anom Lags
Fresno,2023,5,15.847716475432437,0.39644498099582365,AutoBNN - Temperature Anom Lags
Fresno,2023,6,18.7673322009137,1.260989766078766,AutoBNN - Temperature Anom Lags
Fresno,2023,7,26.13362508312997,0.2205081916818715,AutoBNN - Temperature Anom Lags
Fresno,2023,8,24.014566145561616,0.26085103104812934,AutoBNN - Temperature Anom Lags
Fresno,2023,9,20.00183147869581,0.31732011363173673,AutoBNN - Temperature Anom Lags
Fresno,2023,10,15.887224961901666,0.24341711021432968,AutoBNN - Temperature Anom Lags
Fresno,2023,11,9.571565878336571,0.1876804508584919,AutoBNN - Temperature Anom Lags
Fresno,2023,12,7.235348810925132,0.6731170581807995,AutoBNN - Temperature Anom Lags
Kern,2023,1,7.478706907020694,0.24776175273187231,AutoBNN - Temperature Anom Lags
Kern,2023,2,7.304307583947605,0.5331615259430625,AutoBNN - Temperature Anom Lags
Kern,2023,3,8.879130568190533,1.6612801691137176,AutoBNN - Temperature Anom Lags
Kern,2023,4,15.46523572246548,0.15685154984093677,AutoBNN - Temperature Anom Lags
Kern,2023,5,19.16952113420712,0.2061892065014502,AutoBNN - Temperature Anom Lags
Kern,2023,6,21.263163905310307,1.480914230774147,AutoBNN - Temperature Anom Lags
Kern,2023,7,28.883434296082555,0.27774153522770817,AutoBNN - Temperature Anom Lags
Kern,2023,8,26.02928090874235,0.519685729391346,AutoBNN - Temperature Anom Lags
Kern,2023,9,22.422262116395927,0.5537703699535793,AutoBNN - Temperature Anom Lags
Kern,2023,10,18.18834184155378,0.17000955323378242,AutoBNN - Temperature Anom Lags
Kern,2023,11,12.462116977968035,0.17934541551151661,AutoBNN - Temperature Anom Lags
Kern,2023,12,9.99462231054332,0.846753720297958,AutoBNN - Temperature Anom Lags
Los Angeles,2023,1,8.946572607577082,0.4957444846509682,AutoBNN - Temperature Anom Lags
Los Angeles,2023,2,8.956603592367458,0.8024133958479371,AutoBNN - Temperature Anom Lags
Los Angeles,2023,3,9.620196151722098,1.8276879427168098,AutoBNN - Temperature Anom Lags
Los Angeles,2023,4,14.888033733340706,0.18598532662548195,AutoBNN - Temperature Anom Lags
Los Angeles,2023,5,16.308636227351997,0.7577779027006841,AutoBNN - Temperature Anom Lags
Los Angeles,2023,6,18.107627612826263,1.8623670611959517,AutoBNN - Temperature Anom Lags
Los Angeles,2023,7,25.52292922822062,0.2532253124617567,AutoBNN - Temperature Anom Lags
Los Angeles,2023,8,24.11768915040244,0.5123024123485642,AutoBNN - Temperature Anom Lags
Los Angeles,2023,9,20.85272435920899,1.0970924066654357,AutoBNN - Temperature Anom Lags
Los Angeles,2023,10,18.9611120986047,0.20100603413702267,AutoBNN - Temperature Anom Lags
Los Angeles,2023,11,14.1492365795184,0.26006808786079133,AutoBNN - Temperature Anom Lags
Los Angeles,2023,12,11.967669232282448,0.7962719432874159,AutoBNN - Temperature Anom Lags
Merced,2023,1,9.906192071485124,0.15108992762637857,AutoBNN - Temperature Anom Lags
Merced,2023,2,9.149955851105515,0.36763038316158325,AutoBNN - Temperature Anom Lags
Merced,2023,3,11.140321123864055,1.6337069886621802,AutoBNN - Temperature Anom Lags
Merced,2023,4,16.41441016377314,0.1755775960166045,AutoBNN - Temperature Anom Lags
Merced,2023,5,19.760976180551097,0.4918017444594039,AutoBNN - Temperature Anom Lags
Merced,2023,6,22.502189409101447,1.1156724531662583,AutoBNN - Temperature Anom Lags
Merced,2023,7,28.01281515268965,0.17202450607160127,AutoBNN - Temperature Anom Lags
Merced,2023,8,27.475738601157104,0.17349220417966746,AutoBNN - Temperature Anom Lags
Merced,2023,9,23.20081417194353,0.44475037113358873,AutoBNN - Temperature Anom Lags
Merced,2023,10,19.76352391145565,0.257683228477083,AutoBNN - Temperature Anom Lags
Merced,2023,11,13.928286884333716,0.21991440344338467,AutoBNN - Temperature Anom Lags
Merced,2023,12,11.402871879160957,0.5293844930090086,AutoBNN - Temperature Anom Lags
Orange,2023,1,12.053069770908737,0.2837465185799984,AutoBNN - Temperature Anom Lags
Orange,2023,2,11.510307258358637,0.586158755812982,AutoBNN - Temperature Anom Lags
Orange,2023,3,12.376349375827829,0.9465556604272187,AutoBNN - Temperature Anom Lags
Orange,2023,4,14.851809869912302,0.5205690559564214,AutoBNN - Temperature Anom Lags
Orange,2023,5,15.857311728362902,0.7008808794707962,AutoBNN - Temperature Anom Lags
Orange,2023,6,17.673929995928916,1.3635630023479461,AutoBNN - Temperature Anom Lags
Orange,2023,7,22.6374791353544,0.159554378576953,AutoBNN - Temperature Anom Lags
Orange,2023,8,23.08021290799053,0.1846683326905424,AutoBNN - Temperature Anom Lags
Orange,2023,9,20.808586541035083,0.6188451697007573,AutoBNN - Temperature Anom Lags
Orange,2023,10,19.68540732630305,0.20416399108942107,AutoBNN - Temperature Anom Lags
Orange,2023,11,16.637462888569132,0.21691054238213436,AutoBNN - Temperature Anom Lags
Orange,2023,12,14.601379188778935,0.5137606768776672,AutoBNN - Temperature Anom Lags
Placer,2023,1,3.6812515473538383,0.18187941584773734,AutoBNN - Temperature Anom Lags
Placer,2023,2,3.07072063349392,0.38269678536087576,AutoBNN - Temperature Anom Lags
Placer,2023,3,3.825501515753615,1.7585716267065568,AutoBNN - Temperature Anom Lags
Placer,2023,4,9.36199953927553,0.15234459404692502,AutoBNN - Temperature Anom Lags
Placer,2023,5,13.309735281478936,0.26568727048057494,AutoBNN - Temperature Anom Lags
Placer,2023,6,16.89836677248843,1.1342489871232198,AutoBNN - Temperature Anom Lags
Placer,2023,7,23.91682606359672,0.20970423114420186,AutoBNN - Temperature Anom Lags
Placer,2023,8,22.36922721122835,0.3709919086369602,AutoBNN - Temperature Anom Lags
Placer,2023,9,17.474591884537688,0.8358515627396226,AutoBNN - Temperature Anom Lags
Placer,2023,10,13.714647973698844,0.14888198173407355,AutoBNN - Temperature Anom Lags
Placer,2023,11,7.808059280725331,0.15765342438762836,AutoBNN - Temperature Anom Lags
Placer,2023,12,5.794317800754811,0.4424892953188732,AutoBNN - Temperature Anom Lags
Riverside,2023,1,10.38009040449765,0.5087796075356127,AutoBNN - Temperature Anom Lags
Riverside,2023,2,10.82583864198108,0.3626446644826369,AutoBNN - Temperature Anom Lags
Riverside,2023,3,12.92834879300932,1.4538863580515888,AutoBNN - Temperature Anom Lags
Riverside,2023,4,19.64250028964466,0.14732193958277653,AutoBNN - Temperature Anom Lags
Riverside,2023,5,22.26306679979666,0.6458187282567073,AutoBNN - Temperature Anom Lags
Riverside,2023,6,24.70433653186496,1.9419413885323684,AutoBNN - Temperature Anom Lags
Riverside,2023,7,32.965358235099814,0.4362979464097457,AutoBNN - Temperature Anom Lags
Riverside,2023,8,30.57108191324812,0.1873651829331812,AutoBNN - Temperature Anom Lags
Riverside,2023,9,26.39440654530887,0.5394520758860039,AutoBNN - Temperature Anom Lags
Riverside,2023,10,22.18711330108698,0.19091929482992245,AutoBNN - Temperature Anom Lags
Riverside,2023,11,15.571035984062348,0.15025069098882,AutoBNN - Temperature Anom Lags
Riverside,2023,12,12.559154847663647,0.3262254537596848,AutoBNN - Temperature Anom Lags
Sacramento,2023,1,10.179056613617092,0.2798479456612558,AutoBNN - Temperature Anom Lags
Sacramento,2023,2,9.03793725595284,0.5612980625484928,AutoBNN - Temperature Anom Lags
Sacramento,2023,3,10.924887849632796,1.457301548598993,AutoBNN - Temperature Anom Lags
Sacramento,2023,4,15.802344101192716,0.2068570875790384,AutoBNN - Temperature Anom Lags
Sacramento,2023,5,18.035578729906376,0.840055024033845,AutoBNN - Temperature Anom Lags
Sacramento,2023,6,20.57475786503141,1.7713922766964847,AutoBNN - Temperature Anom Lags
Sacramento,2023,7,24.63137418771577,0.15533980852124665,AutoBNN - Temperature Anom Lags
Sacramento,2023,8,25.32621575986548,0.1554391800514375,AutoBNN - Temperature Anom Lags
Sacramento,2023,9,21.727951190262445,0.6940129931993556,AutoBNN - Temperature Anom Lags
Sacramento,2023,10,19.010711268646844,0.23205534901883867,AutoBNN - Temperature Anom Lags
Sacramento,2023,11,13.120667438669216,0.15608812517288959,AutoBNN - Temperature Anom Lags
Sacramento,2023,12,10.78885769748507,0.35278663759279727,AutoBNN - Temperature Anom Lags
San Bernardino,2023,1,8.375439845052426,0.5208280156658153,AutoBNN - Temperature Anom Lags
San Bernardino,2023,2,9.3627753800169,0.26204777364176934,AutoBNN - Temperature Anom Lags
San Bernardino,2023,3,11.254839327573336,1.7409474381172299,AutoBNN - Temperature Anom Lags
San Bernardino,2023,4,19.10719975127057,0.15746244448001936,AutoBNN - Temperature Anom Lags
San Bernardino,2023,5,22.55704980206013,0.5069992586921411,AutoBNN - Temperature Anom Lags
San Bernardino,2023,6,25.173656571595306,1.7902634284231396,AutoBNN - Temperature Anom Lags
San Bernardino,2023,7,33.65248587692645,0.422533840193893,AutoBNN - Temperature Anom Lags
San Bernardino,2023,8,30.32543229455501,0.3325759890171313,AutoBNN - Temperature Anom Lags
San Bernardino,2023,9,25.927287226809767,0.5289963386937826,AutoBNN - Temperature Anom Lags
San Bernardino,2023,10,20.85854409833604,0.17101632564657868,AutoBNN - Temperature Anom Lags
San Bernardino,2023,11,13.546212846045025,0.15275595599954778,AutoBNN - Temperature Anom Lags
San Bernardino,2023,12,10.51259416289281,0.4498467064265048,AutoBNN - Temperature Anom Lags
San Joaquin,2023,1,10.06299614806204,0.22498114584070264,AutoBNN - Temperature Anom Lags
San Joaquin,2023,2,8.926023237514244,0.6457701332520956,AutoBNN - Temperature Anom Lags
San Joaquin,2023,3,10.924762160340949,1.3207804480827217,AutoBNN - Temperature Anom Lags
San Joaquin,2023,4,15.370078358614649,0.21574266041393836,AutoBNN - Temperature Anom Lags
San Joaquin,2023,5,17.710398622456296,1.1307156985636915,AutoBNN - Temperature Anom Lags
San Joaquin,2023,6,20.34256521879695,1.5664261911192328,AutoBNN - Temperature Anom Lags
San Joaquin,2023,7,24.43375894182504,0.1511307424246663,AutoBNN - Temperature Anom Lags
San Joaquin,2023,8,25.05720916607646,0.25201928320557176,AutoBNN - Temperature Anom Lags
San Joaquin,2023,9,21.28914721310241,0.4649469234982524,AutoBNN - Temperature Anom Lags
San Joaquin,2023,10,18.69010891422124,0.1858698260603529,AutoBNN - Temperature Anom Lags
San Joaquin,2023,11,13.0763290894468,0.15560730696928624,AutoBNN - Temperature Anom Lags
San Joaquin,2023,12,10.92861931810495,0.3539744707008805,AutoBNN - Temperature Anom Lags
Solano,2023,1,10.313241101443396,0.19094611361773328,AutoBNN - Temperature Anom Lags
Solano,2023,2,9.162979269939967,0.5646510214034957,AutoBNN - Temperature Anom Lags
Solano,2023,3,10.51670103069256,1.4751359065253324,AutoBNN - Temperature Anom Lags
Solano,2023,4,15.015846206297796,0.27722979311332707,AutoBNN - Temperature Anom Lags
Solano,2023,5,16.722750441115352,1.1898463820869274,AutoBNN - Temperature Anom Lags
Solano,2023,6,18.912204963075965,1.776009152910926,AutoBNN - Temperature Anom Lags
Solano,2023,7,22.422598268153937,0.15082561057625393,AutoBNN - Temperature Anom Lags
Solano,2023,8,23.34312818922251,0.18232472442617317,AutoBNN - Temperature Anom Lags
Solano,2023,9,20.32115880124917,0.4981786922568625,AutoBNN - Temperature Anom Lags
Solano,2023,10,18.79188696662476,0.18935099411492398,AutoBNN - Temperature Anom Lags
Solano,2023,11,13.756104641982915,0.17390328767323734,AutoBNN - Temperature Anom Lags
Solano,2023,12,11.19834025611243,0.3334702893278816,AutoBNN - Temperature Anom Lags
Stanislaus,2023,1,9.659153629476464,0.15575171894798376,AutoBNN - Temperature Anom Lags
Stanislaus,2023,2,8.874113470652276,0.3723588966359995,AutoBNN - Temperature Anom Lags
Stanislaus,2023,3,10.692027193918875,1.688002262091396,AutoBNN - Temperature Anom Lags
Stanislaus,2023,4,15.81346534125197,0.22682006470031207,AutoBNN - Temperature Anom Lags
Stanislaus,2023,5,19.00825179847164,0.7367588488923178,AutoBNN - Temperature Anom Lags
Stanislaus,2023,6,21.89931042701733,1.3557730037214781,AutoBNN - Temperature Anom Lags
Stanislaus,2023,7,27.211024497072685,0.23294928958921718,AutoBNN - Temperature Anom Lags
Stanislaus,2023,8,26.97915354800682,0.15069538775116506,AutoBNN - Temperature Anom Lags
Stanislaus,2023,9,22.48023893540386,0.7961974632153005,AutoBNN - Temperature Anom Lags
Stanislaus,2023,10,19.27228491473068,0.20649733103284937,AutoBNN - Temperature Anom Lags
Stanislaus,2023,11,13.39076983944102,0.20132116408661158,AutoBNN - Temperature Anom Lags
Stanislaus,2023,12,11.133419989086008,0.3659038925652553,AutoBNN - Temperature Anom Lags
Tulare,2023,1,3.4530097962548325,0.40972456596716483,AutoBNN - Temperature Anom Lags
Tulare,2023,2,2.7755693972488302,0.6625647289343555,AutoBNN - Temperature Anom Lags
Tulare,2023,3,4.580410048613317,1.361886798540751,AutoBNN - Temperature Anom Lags
Tulare,2023,4,10.207951942828515,0.2639328135655383,AutoBNN - Temperature Anom Lags
Tulare,2023,5,14.89957856506129,0.3901443822305612,AutoBNN - Temperature Anom Lags
Tulare,2023,6,17.496832785941137,1.5989918086263866,AutoBNN - Temperature Anom Lags
Tulare,2023,7,25.33948013798465,0.17320719018126973,AutoBNN - Temperature Anom Lags
Tulare,2023,8,22.827692019634696,0.6163689512345526,AutoBNN - Temperature Anom Lags
Tulare,2023,9,19.13218848922565,0.44301966956016986,AutoBNN - Temperature Anom Lags
Tulare,2023,10,14.782178063498748,0.18186014254285832,AutoBNN - Temperature Anom Lags
Tulare,2023,11,8.880944167431323,0.17326464636759328,AutoBNN - Temperature Anom Lags
Tulare,2023,12,6.635415243561283,0.7364319772912996,AutoBNN - Temperature Anom Lags
Fresno,2024,1,5.810684704896346,0.13399210054766048,AutoBNN - Temperature Anom Lags
Fresno,2024,2,6.356957822805839,0.307816023827728,AutoBNN - Temperature Anom Lags
Fresno,2024,3,7.914551009200181,0.4781863863600624,AutoBNN - Temperature Anom Lags
Fresno,2024,4,11.20992424837806,0.14699993298360797,AutoBNN - Temperature Anom Lags
Fresno,2024,5,16.27010675658414,0.1535305957962768,AutoBNN - Temperature Anom Lags
Fresno,2024,6,22.79547858534601,0.9819319658568413,AutoBNN - Temperature Anom Lags
Fresno,2024,7,26.502135148570066,0.37966040134429935,AutoBNN - Temperature Anom Lags
Fresno,2024,8,,,AutoBNN - Temperature Anom Lags
Fresno,2024,9,,,AutoBNN - Temperature Anom Lags
Fresno,2024,10,,,AutoBNN - Temperature Anom Lags
Fresno,2024,11,,,AutoBNN - Temperature Anom Lags
Fresno,2024,12,,,AutoBNN - Temperature Anom Lags
Kern,2024,1,8.573195881882953,0.15880979280881208,AutoBNN - Temperature Anom Lags
Kern,2024,2,9.087037662248406,0.38965758157649427,AutoBNN - Temperature Anom Lags
Kern,2024,3,10.738715736104268,0.679444884417033,AutoBNN - Temperature Anom Lags
Kern,2024,4,14.050885852608817,0.25359130772000016,AutoBNN - Temperature Anom Lags
Kern,2024,5,19.22675605704785,0.1517610179595273,AutoBNN - Temperature Anom Lags
Kern,2024,6,25.389382266073312,0.7303552610826011,AutoBNN - Temperature Anom Lags
Kern,2024,7,29.57003033255444,0.4056270297368368,AutoBNN - Temperature Anom Lags
Kern,2024,8,,,AutoBNN - Temperature Anom Lags
Kern,2024,9,,,AutoBNN - Temperature Anom Lags
Kern,2024,10,,,AutoBNN - Temperature Anom Lags
Kern,2024,11,,,AutoBNN - Temperature Anom Lags
Kern,2024,12,,,AutoBNN - Temperature Anom Lags
Los Angeles,2024,1,10.31902275520372,0.14846910083233705,AutoBNN - Temperature Anom Lags
Los Angeles,2024,2,9.929359499602924,0.464273872014248,AutoBNN - Temperature Anom Lags
Los Angeles,2024,3,11.027452128228164,0.8515983927430528,AutoBNN - Temperature Anom Lags
Los Angeles,2024,4,13.574801577333574,0.2561311111305699,AutoBNN - Temperature Anom Lags
Los Angeles,2024,5,16.690522131148498,0.24238072783356962,AutoBNN - Temperature Anom Lags
Los Angeles,2024,6,21.949028515306058,0.18150027471359328,AutoBNN - Temperature Anom Lags
Los Angeles,2024,7,25.92607799752028,0.18839574315331198,AutoBNN - Temperature Anom Lags
Los Angeles,2024,8,,,AutoBNN - Temperature Anom Lags
Los Angeles,2024,9,,,AutoBNN - Temperature Anom Lags
Los Angeles,2024,10,,,AutoBNN - Temperature Anom Lags
Los Angeles,2024,11,,,AutoBNN - Temperature Anom Lags
Los Angeles,2024,12,,,AutoBNN - Temperature Anom Lags
Merced,2024,1,10.807970954743212,0.2821175189933391,AutoBNN - Temperature Anom Lags
Merced,2024,2,11.47447914510093,0.2624295751374177,AutoBNN - Temperature Anom Lags
Merced,2024,3,13.418415223538318,0.17733791412578687,AutoBNN - Temperature Anom Lags
Merced,2024,4,16.335763397033986,0.14836365391208667,AutoBNN - Temperature Anom Lags
Merced,2024,5,20.737502286355323,0.18744902670684485,AutoBNN - Temperature Anom Lags
Merced,2024,6,25.807983609018947,0.7901183239859763,AutoBNN - Temperature Anom Lags
Merced,2024,7,29.529302064595583,0.4901753781058572,AutoBNN - Temperature Anom Lags
Merced,2024,8,,,AutoBNN - Temperature Anom Lags
Merced,2024,9,,,AutoBNN - Temperature Anom Lags
Merced,2024,10,,,AutoBNN - Temperature Anom Lags
Merced,2024,11,,,AutoBNN - Temperature Anom Lags
Merced,2024,12,,,AutoBNN - Temperature Anom Lags
Orange,2024,1,12.880254028670322,0.19763362861040865,AutoBNN - Temperature Anom Lags
Orange,2024,2,12.864417085907064,0.29189766371566234,AutoBNN - Temperature Anom Lags
Orange,2024,3,13.43309696422159,0.14956003812226382,AutoBNN - Temperature Anom Lags
Orange,2024,4,14.5911062905908,0.27916924578974944,AutoBNN - Temperature Anom Lags
Orange,2024,5,15.980227586142632,0.5671931023067898,AutoBNN - Temperature Anom Lags
Orange,2024,6,19.70380152834912,0.1702146191428406,AutoBNN - Temperature Anom Lags
Orange,2024,7,22.50112792457145,0.15968858130050426,AutoBNN - Temperature Anom Lags
Orange,2024,8,,,AutoBNN - Temperature Anom Lags
Orange,2024,9,,,AutoBNN - Temperature Anom Lags
Orange,2024,10,,,AutoBNN - Temperature Anom Lags
Orange,2024,11,,,AutoBNN - Temperature Anom Lags
Orange,2024,12,,,AutoBNN - Temperature Anom Lags
Placer,2024,1,4.918032417764152,0.20641430405053227,AutoBNN - Temperature Anom Lags
Placer,2024,2,5.261545627474391,0.19904147429448182,AutoBNN - Temperature Anom Lags
Placer,2024,3,6.0579798911342095,0.6387412436652665,AutoBNN - Temperature Anom Lags
Placer,2024,4,9.500760399641765,0.17105241365504986,AutoBNN - Temperature Anom Lags
Placer,2024,5,14.358054290931648,0.186545243275286,AutoBNN - Temperature Anom Lags
Placer,2024,6,21.27241939167311,1.2192310161060758,AutoBNN - Temperature Anom Lags
Placer,2024,7,25.61511509055174,0.5767398910570627,AutoBNN - Temperature Anom Lags
Placer,2024,8,,,AutoBNN - Temperature Anom Lags
Placer,2024,9,,,AutoBNN - Temperature Anom Lags
Placer,2024,10,,,AutoBNN - Temperature Anom Lags
Placer,2024,11,,,AutoBNN - Temperature Anom Lags
Placer,2024,12,,,AutoBNN - Temperature Anom Lags
Riverside,2024,1,11.236573087603858,0.23498441735301356,AutoBNN - Temperature Anom Lags
Riverside,2024,2,12.516372046835272,0.4652938335577046,AutoBNN - Temperature Anom Lags
Riverside,2024,3,13.942886885841062,1.075437518033114,AutoBNN - Temperature Anom Lags
Riverside,2024,4,18.25994880726978,0.29099087073495894,AutoBNN - Temperature Anom Lags
Riverside,2024,5,22.67733530612867,0.13992657627496455,AutoBNN - Temperature Anom Lags
Riverside,2024,6,29.28947713932689,0.3241157098370369,AutoBNN - Temperature Anom Lags
Riverside,2024,7,32.94053466938374,0.271112724759362,AutoBNN - Temperature Anom Lags
Riverside,2024,8,,,AutoBNN - Temperature Anom Lags
Riverside,2024,9,,,AutoBNN - Temperature Anom Lags
Riverside,2024,10,,,AutoBNN - Temperature Anom Lags
Riverside,2024,11,,,AutoBNN - Temperature Anom Lags
Riverside,2024,12,,,AutoBNN - Temperature Anom Lags
Sacramento,2024,1,10.761135935004631,0.5056763385462039,AutoBNN - Temperature Anom Lags
Sacramento,2024,2,11.501868748824734,0.19206909684219742,AutoBNN - Temperature Anom Lags
Sacramento,2024,3,12.959068748830475,0.16571611913767725,AutoBNN - Temperature Anom Lags
Sacramento,2024,4,15.60086490765707,0.1855935244010103,AutoBNN - Temperature Anom Lags
Sacramento,2024,5,19.926948817307164,0.18476617310083276,AutoBNN - Temperature Anom Lags
Sacramento,2024,6,24.33931709206422,0.4567590361833572,AutoBNN - Temperature Anom Lags
Sacramento,2024,7,26.83711754013609,0.711741131363493,AutoBNN - Temperature Anom Lags
Sacramento,2024,8,,,AutoBNN - Temperature Anom Lags
Sacramento,2024,9,,,AutoBNN - Temperature Anom Lags
Sacramento,2024,10,,,AutoBNN - Temperature Anom Lags
Sacramento,2024,11,,,AutoBNN - Temperature Anom Lags
Sacramento,2024,12,,,AutoBNN - Temperature Anom Lags
San Bernardino,2024,1,9.46637595776781,0.2050902328233827,AutoBNN - Temperature Anom Lags
San Bernardino,2024,2,10.734551908171454,0.4147701912365778,AutoBNN - Temperature Anom Lags
San Bernardino,2024,3,12.872695623085576,1.0608436116425677,AutoBNN - Temperature Anom Lags
San Bernardino,2024,4,17.734323646345672,0.3576409063503296,AutoBNN - Temperature Anom Lags
San Bernardino,2024,5,22.99450514642723,0.15608935734238286,AutoBNN - Temperature Anom Lags
San Bernardino,2024,6,30.406573030682125,0.7648392514749007,AutoBNN - Temperature Anom Lags
San Bernardino,2024,7,34.14498765129497,0.5898255250309453,AutoBNN - Temperature Anom Lags
San Bernardino,2024,8,,,AutoBNN - Temperature Anom Lags
San Bernardino,2024,9,,,AutoBNN - Temperature Anom Lags
San Bernardino,2024,10,,,AutoBNN - Temperature Anom Lags
San Bernardino,2024,11,,,AutoBNN - Temperature Anom Lags
San Bernardino,2024,12,,,AutoBNN - Temperature Anom Lags
San Joaquin,2024,1,10.862896151619507,0.3917039812153037,AutoBNN - Temperature Anom Lags
San Joaquin,2024,2,11.356277457151918,0.22471890066157685,AutoBNN - Temperature Anom Lags
San Joaquin,2024,3,12.934520298523466,0.14969213407599566,AutoBNN - Temperature Anom Lags
San Joaquin,2024,4,15.398021560266386,0.22695993513790794,AutoBNN - Temperature Anom Lags
San Joaquin,2024,5,19.4799074598626,0.1603711650317365,AutoBNN - Temperature Anom Lags
San Joaquin,2024,6,23.978392497129903,0.5721898305295694,AutoBNN - Temperature Anom Lags
San Joaquin,2024,7,26.43517059911767,0.654329150987394,AutoBNN - Temperature Anom Lags
San Joaquin,2024,8,,,AutoBNN - Temperature Anom Lags
San Joaquin,2024,9,,,AutoBNN - Temperature Anom Lags
San Joaquin,2024,10,,,AutoBNN - Temperature Anom Lags
San Joaquin,2024,11,,,AutoBNN - Temperature Anom Lags
San Joaquin,2024,12,,,AutoBNN - Temperature Anom Lags
Solano,2024,1,10.941424632251994,0.2917684320668981,AutoBNN - Temperature Anom Lags
Solano,2024,2,11.259133305138448,0.2558908707196966,AutoBNN - Temperature Anom Lags
Solano,2024,3,12.6249109735964,0.21488575266166166,AutoBNN - Temperature Anom Lags
Solano,2024,4,14.969739679669487,0.2146562602860157,AutoBNN - Temperature Anom Lags
Solano,2024,5,18.806941413387847,0.14539812270740063,AutoBNN - Temperature Anom Lags
Solano,2024,6,22.35759734435186,0.24777697519220487,AutoBNN - Temperature Anom Lags
Solano,2024,7,24.38018903139925,0.4817907222232434,AutoBNN - Temperature Anom Lags
Solano,2024,8,,,AutoBNN - Temperature Anom Lags
Solano,2024,9,,,AutoBNN - Temperature Anom Lags
Solano,2024,10,,,AutoBNN - Temperature Anom Lags
Solano,2024,11,,,AutoBNN - Temperature Anom Lags
Solano,2024,12,,,AutoBNN - Temperature Anom Lags
Stanislaus,2024,1,10.682812014035562,0.28334709639501093,AutoBNN - Temperature Anom Lags
Stanislaus,2024,2,11.12733350473411,0.2604507699127149,AutoBNN - Temperature Anom Lags
Stanislaus,2024,3,12.850873508840609,0.17780998153818975,AutoBNN - Temperature Anom Lags
Stanislaus,2024,4,15.714129747789286,0.19380328680529735,AutoBNN - Temperature Anom Lags
Stanislaus,2024,5,20.264711981646656,0.2165474517206953,AutoBNN - Temperature Anom Lags
Stanislaus,2024,6,25.57349667806585,0.959332079959638,AutoBNN - Temperature Anom Lags
Stanislaus,2024,7,28.964759986076785,0.5244551281736355,AutoBNN - Temperature Anom Lags
Stanislaus,2024,8,,,AutoBNN - Temperature Anom Lags
Stanislaus,2024,9,,,AutoBNN - Temperature Anom Lags
Stanislaus,2024,10,,,AutoBNN - Temperature Anom Lags
Stanislaus,2024,11,,,AutoBNN - Temperature Anom Lags
Stanislaus,2024,12,,,AutoBNN - Temperature Anom Lags
Tulare,2024,1,4.510499557153025,0.21351418004794556,AutoBNN - Temperature Anom Lags
Tulare,2024,2,5.084088538939966,0.3727501628736052,AutoBNN - Temperature Anom Lags
Tulare,2024,3,6.277345244166384,0.7517455077592773,AutoBNN - Temperature Anom Lags
Tulare,2024,4,9.602139292325203,0.17267565642342425,AutoBNN - Temperature Anom Lags
Tulare,2024,5,14.819575591518856,0.18916014304215256,AutoBNN - Temperature Anom Lags
Tulare,2024,6,22.030297487770724,0.7836092070015995,AutoBNN - Temperature Anom Lags
Tulare,2024,7,25.945165968211484,0.2470648893563434,AutoBNN - Temperature Anom Lags
Tulare,2024,8,,,AutoBNN - Temperature Anom Lags
Tulare,2024,9,,,AutoBNN - Temperature Anom Lags
Tulare,2024,10,,,AutoBNN - Temperature Anom Lags
Tulare,2024,11,,,AutoBNN - Temperature Anom Lags
Tulare,2024,12,,,AutoBNN - Temperature Anom Lags
